,,,,,,,,,,,,,,,,,,,,,,,,,,,,,,,,,,,,,,,,,,,,,,,,,,,,,,,,,,,,,,,,,,,,,,,,,,,,,,,,,,,,,,,,,,,,,,,,,,,,
0.469331,-0.450331,0.315891,-0.201636,0.12458,-0.0760744,0.0462561,-0.0280813,0.0170379,-0.0103353,0.00626896,-0.00380238,0.00230627,-0.00139883,0.000848433,-0.000514601,0.000312121,-0.000189311,0.000114823,-6.96437e-05,4.2241e-05,-2.56205e-05,1.55396e-05,-9.42524e-06,5.7167e-06,-3.46735e-06,2.10306e-06,-1.27557e-06,7.73671e-07,-4.69255e-07,2.84618e-07,-1.72629e-07,1.04705e-07,-6.35068e-08,3.85188e-08,-2.33628e-08,1.41703e-08,-8.59471e-09,5.21295e-09,-3.16182e-09,1.91774e-09,-1.16317e-09,7.05497e-10,-4.27905e-10,2.59538e-10,-1.57418e-10,9.54786e-11,-5.79107e-11,3.51246e-11,-2.13042e-11,1.29216e-11,-7.83736e-12,4.7536e-12,-2.8832e-12,1.74875e-12,-1.06067e-12,6.4333e-13,-3.90199e-13,2.36668e-13,-1.43546e-13,8.70652e-14,-5.28077e-14,3.20295e-14,-1.94269e-14,1.1783e-14,-7.14675e-15,4.33472e-15,-2.62914e-15,1.59465e-15,-9.67207e-16,5.86641e-16,-3.55816e-16,2.15813e-16,-1.30897e-16,7.93932e-17,-4.81544e-17,2.92071e-17,-1.7715e-17,1.07447e-17,-6.51699e-18,3.95275e-18,-2.39747e-18,1.45414e-18,-8.81979e-19,5.34947e-19,-3.24462e-19,1.96796e-19,-1.19363e-19,7.2397e-20,-4.39107e-20,2.66327e-20,-1.61528e-20,9.79599e-21,-5.93957e-21,3.59925e-21,-2.17764e-21,1.31191e-21,-7.81138e-22,4.50196e-22,-2.36103e-22,9.05221e-23
0,0.469331,-0.450331,0.315891,-0.201636,0.12458,-0.0760744,0.0462561,-0.0280813,0.0170379,-0.0103353,0.00626896,-0.00380238,0.00230627,-0.00139883,0.000848433,-0.000514601,0.000312121,-0.000189311,0.000114823,-6.96437e-05,4.2241e-05,-2.56205e-05,1.55396e-05,-9.42524e-06,5.7167e-06,-3.46735e-06,2.10306e-06,-1.27557e-06,7.73671e-07,-4.69255e-07,2.84618e-07,-1.72629e-07,1.04705e-07,-6.35068e-08,3.85188e-08,-2.33628e-08,1.41703e-08,-8.59471e-09,5.21295e-09,-3.16182e-09,1.91774e-09,-1.16317e-09,7.05497e-10,-4.27905e-10,2.59538e-10,-1.57418e-10,9.54786e-11,-5.79107e-11,3.51246e-11,-2.13042e-11,1.29216e-11,-7.83736e-12,4.7536e-12,-2.8832e-12,1.74875e-12,-1.06067e-12,6.4333e-13,-3.90199e-13,2.36668e-13,-1.43546e-13,8.70652e-14,-5.28077e-14,3.20295e-14,-1.94269e-14,1.1783e-14,-7.14675e-15,4.33472e-15,-2.62914e-15,1.59465e-15,-9.67207e-16,5.86641e-16,-3.55816e-16,2.15813e-16,-1.30897e-16,7.93932e-17,-4.81544e-17,2.92071e-17,-1.7715e-17,1.07447e-17,-6.51699e-18,3.95275e-18,-2.39747e-18,1.45414e-18,-8.81979e-19,5.34947e-19,-3.24462e-19,1.96796e-19,-1.19362e-19,7.23965e-20,-4.391e-20,2.66315e-20,-1.61509e-20,9.7927e-21,-5.93416e-21,3.59033e-21,-2.16297e-21,1.28788e-21,-7.42248e-22,3.89269e-22,-1.49246e-22
0,0,0.469331,-0.450331,0.315891,-0.201636,0.12458,-0.0760744,0.0462561,-0.0280813,0.0170379,-0.0103353,0.00626896,-0.00380238,0.00230627,-0.00139883,0.000848433,-0.000514601,0.000312121,-0.000189311,0.000114823,-6.96437e-05,4.2241e-05,-2.56205e-05,1.55396e-05,-9.42524e-06,5.7167e-06,-3.46735e-06,2.10306e-06,-1.27557e-06,7.73671e-07,-4.69255e-07,2.84618e-07,-1.72629e-07,1.04705e-07,-6.35068e-08,3.85188e-08,-2.33628e-08,1.41703e-08,-8.59471e-09,5.21295e-09,-3.16182e-09,1.91774e-09,-1.16317e-09,7.05497e-10,-4.27905e-10,2.59538e-10,-1.57418e-10,9.54786e-11,-5.79107e-11,3.51246e-11,-2.13042e-11,1.29216e-11,-7.83736e-12,4.7536e-12,-2.8832e-12,1.74875e-12,-1.06067e-12,6.4333e-13,-3.90199e-13,2.36668e-13,-1.43546e-13,8.70652e-14,-5.28077e-14,3.20295e-14,-1.94269e-14,1.1783e-14,-7.14675e-15,4.33472e-15,-2.62914e-15,1.59465e-15,-9.67207e-16,5.86641e-16,-3.55816e-16,2.15813e-16,-1.30897e-16,7.93932e-17,-4.81544e-17,2.92071e-17,-1.7715e-17,1.07447e-17,-6.51699e-18,3.95275e-18,-2.39747e-18,1.45414e-18,-8.81979e-19,5.34947e-19,-3.24461e-19,1.96795e-19,-1.19362e-19,7.23953e-20,-4.3908e-20,2.66283e-20,-1.61454e-20,9.78377e-21,-5.91945e-21,3.56613e-21,-2.12335e-21,1.22376e-21,-6.41795e-22,2.46065e-22
0,0,0,0.469331,-0.450331,0.315891,-0.201636,0.12458,-0.0760744,0.0462561,-0.0280813,0.0170379,-0.0103353,0.00626896,-0.00380238,0.00230627,-0.00139883,0.000848433,-0.000514601,0.000312121,-0.000189311,0.000114823,-6.96437e-05,4.2241e-05,-2.56205e-05,1.55396e-05,-9.42524e-06,5.7167e-06,-3.46735e-06,2.10306e-06,-1.27557e-06,7.73671e-07,-4.69255e-07,2.84618e-07,-1.72629e-07,1.04705e-07,-6.35068e-08,3.85188e-08,-2.33628e-08,1.41703e-08,-8.59471e-09,5.21295e-09,-3.16182e-09,1.91774e-09,-1.16317e-09,7.05497e-10,-4.27905e-10,2.59538e-10,-1.57418e-10,9.54786e-11,-5.79107e-11,3.51246e-11,-2.13042e-11,1.29216e-11,-7.83736e-12,4.7536e-12,-2.8832e-12,1.74875e-12,-1.06067e-12,6.4333e-13,-3.90199e-13,2.36668e-13,-1.43546e-13,8.70652e-14,-5.28077e-14,3.20295e-14,-1.94269e-14,1.1783e-14,-7.14675e-15,4.33472e-15,-2.62914e-15,1.59465e-15,-9.67207e-16,5.86641e-16,-3.55816e-16,2.15813e-16,-1.30897e-16,7.93932e-17,-4.81544e-17,2.92071e-17,-1.7715e-17,1.07447e-17,-6.51699e-18,3.95275e-18,-2.39747e-18,1.45414e-18,-8.81978e-19,5.34946e-19,-3.24461e-19,1.96794e-19,-1.1936e-19,7.2392e-20,-4.39026e-20,2.66193e-20,-1.61307e-20,9.75952e-21,-5.87956e-21,3.50082e-21,-2.01764e-21,1.05814e-21,-4.05692e-22
0,0,0,0,0.469331,-0.450331,0.315891,-0.201636,0.12458,-0.0760744,0.0462561,-0.0280813,0.0170379,-0.0103353,0.00626896,-0.00380238,0.00230627,-0.00139883,0.000848433,-0.000514601,0.000312121,-0.000189311,0.000114823,-6.96437e-05,4.2241e-05,-2.56205e-05,1.55396e-05,-9.42524e-06,5.7167e-06,-3.46735e-06,2.10306e-06,-1.27557e-06,7.73671e-07,-4.69255e-07,2.84618e-07,-1.72629e-07,1.04705e-07,-6.35068e-08,3.85188e-08,-2.33628e-08,1.41703e-08,-8.59471e-09,5.21295e-09,-3.16182e-09,1.91774e-09,-1.16317e-09,7.05497e-10,-4.27905e-10,2.59538e-10,-1.57418e-10,9.54786e-11,-5.79107e-11,3.51246e-11,-2.13042e-11,1.29216e-11,-7.83736e-12,4.7536e-12,-2.8832e-12,1.74875e-12,-1.06067e-12,6.4333e-13,-3.90199e-13,2.36668e-13,-1.43546e-13,8.70652e-14,-5.28077e-14,3.20295e-14,-1.94269e-14,1.1783e-14,-7.14675e-15,4.33472e-15,-2.62914e-15,1.59465e-15,-9.67207e-16,5.86641e-16,-3.55816e-16,2.15813e-16,-1.30897e-16,7.93932e-17,-4.81544e-17,2.92071e-17,-1.7715e-17,1.07447e-17,-6.51699e-18,3.95275e-18,-2.39747e-18,1.45414e-18,-8.81978e-19,5.34945e-19,-3.24459e-19,1.96791e-19,-1.19354e-19,7.23831e-20,-4.38878e-20,2.6595e-20,-1.60907e-20,9.69376e-21,-5.77187e-21,3.32652e-21,-1.74458e-21,6.68873e-22
0,0,0,0,0,0.469331,-0.450331,0.315891,-0.201636,0.12458,-0.0760744,0.0462561,-0.0280813,0.0170379,-0.0103353,0.00626896,-0.00380238,0.00230627,-0.00139883,0.000848433,-0.000514601,0.000312121,-0.000189311,0.000114823,-6.96437e-05,4.2241e-05,-2.56205e-05,1.55396e-05,-9.42524e-06,5.7167e-06,-3.46735e-06,2.10306e-06,-1.27557e-06,7.73671e-07,-4.69255e-07,2.84618e-07,-1.72629e-07,1.04705e-07,-6.35068e-08,3.85188e-08,-2.33628e-08,1.41703e-08,-8.59471e-09,5.21295e-09,-3.16182e-09,1.91774e-09,-1.16317e-09,7.05497e-10,-4.27905e-10,2.59538e-10,-1.57418e-10,9.54786e-11,-5.79107e-11,3.51246e-11,-2.13042e-11,1.29216e-11,-7.83736e-12,4.7536e-12,-2.8832e-12,1.74875e-12,-1.06067e-12,6.4333e-13,-3.90199e-13,2.36668e-13,-1.43546e-13,8.70652e-14,-5.28077e-14,3.20295e-14,-1.94269e-14,1.1783e-14,-7.14675e-15,4.33472e-15,-2.62914e-15,1.59465e-15,-9.67207e-16,5.86641e-16,-3.55816e-16,2.15813e-16,-1.30897e-16,7.93932e-17,-4.81544e-17,2.92071e-17,-1.7715e-17,1.07447e-17,-6.51699e-18,3.95275e-18,-2.39747e-18,1.45414e-18,-8.81976e-19,5.34942e-19,-3.24453e-19,1.96782e-19,-1.1934e-19,7.23588e-20,-4.38478e-20,2.65291e-20,-1.59823e-20,9.51621e-21,-5.48451e-21,2.87633e-21,-1.10279e-21
0,0,0,0,0,0,0.469331,-0.450331,0.315891,-0.201636,0.12458,-0.0760744,0.0462561,-0.0280813,0.0170379,-0.0103353,0.00626896,-0.00380238,0.00230627,-0.00139883,0.000848433,-0.000514601,0.000312121,-0.000189311,0.000114823,-6.96437e-05,4.2241e-05,-2.56205e-05,1.55396e-05,-9.42524e-06,5.7167e-06,-3.46735e-06,2.10306e-06,-1.27557e-06,7.73671e-07,-4.69255e-07,2.84618e-07,-1.72629e-07,1.04705e-07,-6.35068e-08,3.85188e-08,-2.33628e-08,1.41703e-08,-8.59471e-09,5.21295e-09,-3.16182e-09,1.91774e-09,-1.16317e-09,7.05497e-10,-4.27905e-10,2.59538e-10,-1.57418e-10,9.54786e-11,-5.79107e-11,3.51246e-11,-2.13042e-11,1.29216e-11,-7.83736e-12,4.7536e-12,-2.8832e-12,1.74875e-12,-1.06067e-12,6.4333e-13,-3.90199e-13,2.36668e-13,-1.43546e-13,8.70652e-14,-5.28077e-14,3.20295e-14,-1.94269e-14,1.1783e-14,-7.14675e-15,4.33472e-15,-2.62914e-15,1.59465e-15,-9.67207e-16,5.86641e-16,-3.55816e-16,2.15813e-16,-1.30897e-16,7.93932e-17,-4.81544e-17,2.92071e-17,-1.7715e-17,1.07447e-17,-6.51699e-18,3.95275e-18,-2.39746e-18,1.45413e-18,-8.8197e-19,5.34933e-19,-3.24439e-19,1.96758e-19,-1.193e-19,7.22928e-20,-4.37391e-20,2.63504e-20,-1.56896e-20,9.04243e-21,-4.74226e-21,1.81819e-21
0,0,0,0,0,0,0,0.469331,-0.450331,0.315891,-0.201636,0.12458,-0.0760744,0.0462561,-0.0280813,0.0170379,-0.0103353,0.00626896,-0.00380238,0.00230627,-0.00139883,0.000848433,-0.000514601,0.000312121,-0.000189311,0.000114823,-6.96437e-05,4.2241e-05,-2.56205e-05,1.55396e-05,-9.42524e-06,5.7167e-06,-3.46735e-06,2.10306e-06,-1.27557e-06,7.73671e-07,-4.69255e-07,2.84618e-07,-1.72629e-07,1.04705e-07,-6.35068e-08,3.85188e-08,-2.33628e-08,1.41703e-08,-8.59471e-09,5.21295e-09,-3.16182e-09,1.91774e-09,-1.16317e-09,7.05497e-10,-4.27905e-10,2.59538e-10,-1.57418e-10,9.54786e-11,-5.79107e-11,3.51246e-11,-2.13042e-11,1.29216e-11,-7.83736e-12,4.7536e-12,-2.8832e-12,1.74875e-12,-1.06067e-12,6.4333e-13,-3.90199e-13,2.36668e-13,-1.43546e-13,8.70652e-14,-5.28077e-14,3.20295e-14,-1.94269e-14,1.1783e-14,-7.14675e-15,4.33472e-15,-2.62914e-15,1.59465e-15,-9.67207e-16,5.86641e-16,-3.55816e-16,2.15813e-16,-1.30897e-16,7.93932e-17,-4.81544e-17,2.92071e-17,-1.7715e-17,1.07447e-17,-6.51699e-18,3.95275e-18,-2.39746e-18,1.45412e-18,-8.81955e-19,5.34909e-19,-3.24399e-19,1.96692e-19,-1.19191e-19,7.21136e-20,-4.34444e-20,2.58677e-20,-1.49084e-20,7.81867e-21,-2.99768e-21
0,0,0,0,0,0,0,0,0.469331,-0.450331,0.315891,-0.201636,0.12458,-0.0760744,0.0462561,-0.0280813,0.0170379,-0.0103353,0.00626896,-0.00380238,0.00230627,-0.00139883,0.000848433,-0.000514601,0.000312121,-0.000189311,0.000114823,-6.96437e-05,4.2241e-05,-2.56205e-05,1.55396e-05,-9.42524e-06,5.7167e-06,-3.46735e-06,2.10306e-06,-1.27557e-06,7.73671e-07,-4.69255e-07,2.84618e-07,-1.72629e-07,1.04705e-07,-6.35068e-08,3.85188e-08,-2.33628e-08,1.41703e-08,-8.59471e-09,5.21295e-09,-3.16182e-09,1.91774e-09,-1.16317e-09,7.05497e-10,-4.27905e-10,2.59538e-10,-1.57418e-10,9.54786e-11,-5.79107e-11,3.51246e-11,-2.13042e-11,1.29216e-11,-7.83736e-12,4.7536e-12,-2.8832e-12,1.74875e-12,-1.06067e-12,6.4333e-13,-3.90199e-13,2.36668e-13,-1.43546e-13,8.70652e-14,-5.28077e-14,3.20295e-14,-1.94269e-14,1.1783e-14,-7.14675e-15,4.33472e-15,-2.62914e-15,1.59465e-15,-9.67207e-16,5.86641e-16,-3.55816e-16,2.15813e-16,-1.30897e-16,7.93932e-17,-4.81544e-17,2.92071e-17,-1.7715e-17,1.07447e-17,-6.51698e-18,3.95274e-18,-2.39744e-18,1.4541e-18,-8.81915e-19,5.34843e-19,-3.2429e-19,1.96512e-19,-1.18895e-19,7.16277e-20,-4.26487e-20,2.45799e-20,-1.28908e-20,4.94234e-21
0,0,0,0,0,0,0,0,0,0.469331,-0.450331,0.315891,-0.201636,0.12458,-0.0760744,0.0462561,-0.0280813,0.0170379,-0.0103353,0.00626896,-0.00380238,0.00230627,-0.00139883,0.000848433,-0.000514601,0.000312121,-0.000189311,0.000114823,-6.96437e-05,4.2241e-05,-2.56205e-05,1.55396e-05,-9.42524e-06,5.7167e-06,-3.46735e-06,2.10306e-06,-1.27557e-06,7.73671e-07,-4.69255e-07,2.84618e-07,-1.72629e-07,1.04705e-07,-6.35068e-08,3.85188e-08,-2.33628e-08,1.41703e-08,-8.59471e-09,5.21295e-09,-3.16182e-09,1.91774e-09,-1.16317e-09,7.05497e-10,-4.27905e-10,2.59538e-10,-1.57418e-10,9.54786e-11,-5.79107e-11,3.51246e-11,-2.13042e-11,1.29216e-11,-7.83736e-12,4.7536e-12,-2.8832e-12,1.74875e-12,-1.06067e-12,6.4333e-13,-3.90199e-13,2.36668e-13,-1.43546e-13,8.70652e-14,-5.28077e-14,3.20295e-14,-1.94269e-14,1.1783e-14,-7.14675e-15,4.33472e-15,-2.62914e-15,1.59465e-15,-9.67207e-16,5.86641e-16,-3.55816e-16,2.15813e-16,-1.30897e-16,7.93932e-17,-4.81544e-17,2.92071e-17,-1.7715e-17,1.07447e-17,-6.51697e-18,3.95272e-18,-2.3974e-18,1.45403e-18,-8.81807e-19,5.34663e-19,-3.23994e-19,1.96025e-19,-1.18094e-19,7.03158e-20,-4.05253e-20,2.12533e-20,-8.14854e-21
0,0,0,0,0,0,0,0,0,0,0.469331,-0.450331,0.315891,-0.201636,0.12458,-0.0760744,0.0462561,-0.0280813,0.0170379,-0.0103353,0.00626896,-0.00380238,0.00230627,-0.00139883,0.000848433,-0.000514601,0.000312121,-0.000189311,0.000114823,-6.96437e-05,4.2241e-05,-2.56205e-05,1.55396e-05,-9.42524e-06,5.7167e-06,-3.46735e-06,2.10306e-06,-1.27557e-06,7.73671e-07,-4.69255e-07,2.84618e-07,-1.72629e-07,1.04705e-07,-6.35068e-08,3.85188e-08,-2.33628e-08,1.41703e-08,-8.59471e-09,5.21295e-09,-3.16182e-09,1.91774e-09,-1.16317e-09,7.05497e-10,-4.27905e-10,2.59538e-10,-1.57418e-10,9.54786e-11,-5.79107e-11,3.51246e-11,-2.13042e-11,1.29216e-11,-7.83736e-12,4.7536e-12,-2.8832e-12,1.74875e-12,-1.06067e-12,6.4333e-13,-3.90199e-13,2.36668e-13,-1.43546e-13,8.70652e-14,-5.28077e-14,3.20295e-14,-1.94269e-14,1.1783e-14,-7.14675e-15,4.33472e-15,-2.62914e-15,1.59465e-15,-9.67207e-16,5.86641e-16,-3.55816e-16,2.15813e-16,-1.30897e-16,7.93932e-17,-4.81544e-17,2.92071e-17,-1.7715e-17,1.07447e-17,-6.51693e-18,3.95265e-18,-2.39729e-18,1.45385e-18,-8.81511e-19,5.34176e-19,-3.23191e-19,1.94704e-19,-1.15931e-19,6.6815e-20,-3.50408e-20,1.34347e-20
0,0,0,0,0,0,0,0,0,0,0,0.469331,-0.450331,0.315891,-0.201636,0.12458,-0.0760744,0.0462561,-0.0280813,0.0170379,-0.0103353,0.00626896,-0.00380238,0.00230627,-0.00139883,0.000848433,-0.000514601,0.000312121,-0.000189311,0.000114823,-6.96437e-05,4.2241e-05,-2.56205e-05,1.55396e-05,-9.42524e-06,5.7167e-06,-3.46735e-06,2.10306e-06,-1.27557e-06,7.73671e-07,-4.69255e-07,2.84618e-07,-1.72629e-07,1.04705e-07,-6.35068e-08,3.85188e-08,-2.33628e-08,1.41703e-08,-8.59471e-09,5.21295e-09,-3.16182e-09,1.91774e-09,-1.16317e-09,7.05497e-10,-4.27905e-10,2.59538e-10,-1.57418e-10,9.54786e-11,-5.79107e-11,3.51246e-11,-2.13042e-11,1.29216e-11,-7.83736e-12,4.7536e-12,-2.8832e-12,1.74875e-12,-1.06067e-12,6.4333e-13,-3.90199e-13,2.36668e-13,-1.43546e-13,8.70652e-14,-5.28077e-14,3.20295e-14,-1.94269e-14,1.1783e-14,-7.14675e-15,4.33472e-15,-2.62914e-15,1.59465e-15,-9.67207e-16,5.86641e-16,-3.55816e-16,2.15813e-16,-1.30897e-16,7.93932e-17,-4.81544e-17,2.92071e-17,-1.7715e-17,1.07446e-17,-6.51682e-18,3.95247e-18,-2.397e-18,1.45337e-18,-8.80707e-19,5.32852e-19,-3.21013e-19,1.91138e-19,-1.10159e-19,5.77726e-20,-2.215e-20
0,0,0,0,0,0,0,0,0,0,0,0,0.469331,-0.450331,0.315891,-0.201636,0.12458,-0.0760744,0.0462561,-0.0280813,0.0170379,-0.0103353,0.00626896,-0.00380238,0.00230627,-0.00139883,0.000848433,-0.000514601,0.000312121,-0.000189311,0.000114823,-6.96437e-05,4.2241e-05,-2.56205e-05,1.55396e-05,-9.42524e-06,5.7167e-06,-3.46735e-06,2.10306e-06,-1.27557e-06,7.73671e-07,-4.69255e-07,2.84618e-07,-1.72629e-07,1.04705e-07,-6.35068e-08,3.85188e-08,-2.33628e-08,1.41703e-08,-8.59471e-09,5.21295e-09,-3.16182e-09,1.91774e-09,-1.16317e-09,7.05497e-10,-4.27905e-10,2.59538e-10,-1.57418e-10,9.54786e-11,-5.79107e-11,3.51246e-11,-2.13042e-11,1.29216e-11,-7.83736e-12,4.7536e-12,-2.8832e-12,1.74875e-12,-1.06067e-12,6.4333e-13,-3.90199e-13,2.36668e-13,-1.43546e-13,8.70652e-14,-5.28077e-14,3.20295e-14,-1.94269e-14,1.1783e-14,-7.14675e-15,4.33472e-15,-2.62914e-15,1.59465e-15,-9.67207e-16,5.86641e-16,-3.55816e-16,2.15813e-16,-1.30897e-16,7.93932e-17,-4.81543e-17,2.9207e-17,-1.77148e-17,1.07444e-17,-6.51652e-18,3.95198e-18,-2.39619e-18,1.45204e-18,-8.78524e-19,5.29261e-19,-3.15134e-19,1.81622e-19,-9.52509e-20,3.65192e-20
0,0,0,0,0,0,0,0,0,0,0,0,0,0.469331,-0.450331,0.315891,-0.201636,0.12458,-0.0760744,0.0462561,-0.0280813,0.0170379,-0.0103353,0.00626896,-0.00380238,0.00230627,-0.00139883,0.000848433,-0.000514601,0.000312121,-0.000189311,0.000114823,-6.96437e-05,4.2241e-05,-2.56205e-05,1.55396e-05,-9.42524e-06,5.7167e-06,-3.46735e-06,2.10306e-06,-1.27557e-06,7.73671e-07,-4.69255e-07,2.84618e-07,-1.72629e-07,1.04705e-07,-6.35068e-08,3.85188e-08,-2.33628e-08,1.41703e-08,-8.59471e-09,5.21295e-09,-3.16182e-09,1.91774e-09,-1.16317e-09,7.05497e-10,-4.27905e-10,2.59538e-10,-1.57418e-10,9.54786e-11,-5.79107e-11,3.51246e-11,-2.13042e-11,1.29216e-11,-7.83736e-12,4.7536e-12,-2.8832e-12,1.74875e-12,-1.06067e-12,6.4333e-13,-3.90199e-13,2.36668e-13,-1.43546e-13,8.70652e-14,-5.28077e-14,3.20295e-14,-1.94269e-14,1.1783e-14,-7.14675e-15,4.33472e-15,-2.62914e-15,1.59465e-15,-9.67207e-16,5.86641e-16,-3.55816e-16,2.15813e-16,-1.30897e-16,7.93931e-17,-4.81542e-17,2.92068e-17,-1.77145e-17,1.07439e-17,-6.51572e-18,3.95066e-18,-2.39401e-18,1.44844e-18,-8.72604e-19,5.19568e-19,-2.99444e-19,1.57042e-19,-6.021e-20
0,0,0,0,0,0,0,0,0,0,0,0,0,0,0.469331,-0.450331,0.315891,-0.201636,0.12458,-0.0760744,0.0462561,-0.0280813,0.0170379,-0.0103353,0.00626896,-0.00380238,0.00230627,-0.00139883,0.000848433,-0.000514601,0.000312121,-0.000189311,0.000114823,-6.96437e-05,4.2241e-05,-2.56205e-05,1.55396e-05,-9.42524e-06,5.7167e-06,-3.46735e-06,2.10306e-06,-1.27557e-06,7.73671e-07,-4.69255e-07,2.84618e-07,-1.72629e-07,1.04705e-07,-6.35068e-08,3.85188e-08,-2.33628e-08,1.41703e-08,-8.59471e-09,5.21295e-09,-3.16182e-09,1.91774e-09,-1.16317e-09,7.05497e-10,-4.27905e-10,2.59538e-10,-1.57418e-10,9.54786e-11,-5.79107e-11,3.51246e-11,-2.13042e-11,1.29216e-11,-7.83736e-12,4.7536e-12,-2.8832e-12,1.74875e-12,-1.06067e-12,6.4333e-13,-3.90199e-13,2.36668e-13,-1.43546e-13,8.70652e-14,-5.28077e-14,3.20295e-14,-1.94269e-14,1.1783e-14,-7.14675e-15,4.33472e-15,-2.62914e-15,1.59465e-15,-9.67207e-16,5.86641e-16,-3.55816e-16,2.15813e-16,-1.30897e-16,7.93929e-17,-4.81539e-17,2.92064e-17,-1.77137e-17,1.07426e-17,-6.51353e-18,3.94705e-18,-2.38808e-18,1.43868e-18,-8.56622e-19,4.937e-19,-2.58919e-19,9.92696e-20
0,0,0,0,0,0,0,0,0,0,0,0,0,0,0,0.469331,-0.450331,0.315891,-0.201636,0.12458,-0.0760744,0.0462561,-0.0280813,0.0170379,-0.0103353,0.00626896,-0.00380238,0.00230627,-0.00139883,0.000848433,-0.000514601,0.000312121,-0.000189311,0.000114823,-6.96437e-05,4.2241e-05,-2.56205e-05,1.55396e-05,-9.42524e-06,5.7167e-06,-3.46735e-06,2.10306e-06,-1.27557e-06,7.73671e-07,-4.69255e-07,2.84618e-07,-1.72629e-07,1.04705e-07,-6.35068e-08,3.85188e-08,-2.33628e-08,1.41703e-08,-8.59471e-09,5.21295e-09,-3.16182e-09,1.91774e-09,-1.16317e-09,7.05497e-10,-4.27905e-10,2.59538e-10,-1.57418e-10,9.54786e-11,-5.79107e-11,3.51246e-11,-2.13042e-11,1.29216e-11,-7.83736e-12,4.7536e-12,-2.8832e-12,1.74875e-12,-1.06067e-12,6.4333e-13,-3.90199e-13,2.36668e-13,-1.43546e-13,8.70652e-14,-5.28077e-14,3.20295e-14,-1.94269e-14,1.1783e-14,-7.14675e-15,4.33472e-15,-2.62914e-15,1.59465e-15,-9.67207e-16,5.86641e-16,-3.55815e-16,2.15813e-16,-1.30897e-16,7.93924e-17,-4.81531e-17,2.9205e-17,-1.77116e-17,1.0739e-17,-6.50759e-18,3.93727e-18,-2.37198e-18,1.41233e-18,-8.13973e-19,4.26885e-19,-1.63668e-19
0,0,0,0,0,0,0,0,0,0,0,0,0,0,0,0,0.469331,-0.450331,0.315891,-0.201636,0.12458,-0.0760744,0.0462561,-0.0280813,0.0170379,-0.0103353,0.00626896,-0.00380238,0.00230627,-0.00139883,0.000848433,-0.000514601,0.000312121,-0.000189311,0.000114823,-6.96437e-05,4.2241e-05,-2.56205e-05,1.55396e-05,-9.42524e-06,5.7167e-06,-3.46735e-06,2.10306e-06,-1.27557e-06,7.73671e-07,-4.69255e-07,2.84618e-07,-1.72629e-07,1.04705e-07,-6.35068e-08,3.85188e-08,-2.33628e-08,1.41703e-08,-8.59471e-09,5.21295e-09,-3.16182e-09,1.91774e-09,-1.16317e-09,7.05497e-10,-4.27905e-10,2.59538e-10,-1.57418e-10,9.54786e-11,-5.79107e-11,3.51246e-11,-2.13042e-11,1.29216e-11,-7.83736e-12,4.7536e-12,-2.8832e-12,1.74875e-12,-1.06067e-12,6.4333e-13,-3.90199e-13,2.36668e-13,-1.43546e-13,8.70652e-14,-5.28077e-14,3.20295e-14,-1.94269e-14,1.1783e-14,-7.14675e-15,4.33472e-15,-2.62914e-15,1.59465e-15,-9.67207e-16,5.86641e-16,-3.55815e-16,2.15812e-16,-1.30896e-16,7.93911e-17,-4.81509e-17,2.92014e-17,-1.77056e-17,1.07292e-17,-6.49146e-18,3.91074e-18,-2.32854e-18,1.34202e-18,-7.03814e-19,2.69843e-19
0,0,0,0,0,0,0,0,0,0,0,0,0,0,0,0,0,0.469331,-0.450331,0.315891,-0.201636,0.12458,-0.0760744,0.0462561,-0.0280813,0.0170379,-0.0103353,0.00626896,-0.00380238,0.00230627,-0.00139883,0.000848433,-0.000514601,0.000312121,-0.000189311,0.000114823,-6.96437e-05,4.2241e-05,-2.56205e-05,1.55396e-05,-9.42524e-06,5.7167e-06,-3.46735e-06,2.10306e-06,-1.27557e-06,7.73671e-07,-4.69255e-07,2.84618e-07,-1.72629e-07,1.04705e-07,-6.35068e-08,3.85188e-08,-2.33628e-08,1.41703e-08,-8.59471e-09,5.21295e-09,-3.16182e-09,1.91774e-09,-1.16317e-09,7.05497e-10,-4.27905e-10,2.59538e-10,-1.57418e-10,9.54786e-11,-5.79107e-11,3.51246e-11,-2.13042e-11,1.29216e-11,-7.83736e-12,4.7536e-12,-2.8832e-12,1.74875e-12,-1.06067e-12,6.4333e-13,-3.90199e-13,2.36668e-13,-1.43546e-13,8.70652e-14,-5.28077e-14,3.20295e-14,-1.94269e-14,1.1783e-14,-7.14675e-15,4.33472e-15,-2.62914e-15,1.59465e-15,-9.67207e-16,5.8664e-16,-3.55814e-16,2.15811e-16,-1.30894e-16,7.93875e-17,-4.8145e-17,2.91916e-17,-1.76895e-17,1.07026e-17,-6.44772e-18,3.83911e-18,-2.21261e-18,1.16039e-18,-4.44895e-19
0,0,0,0,0,0,0,0,0,0,0,0,0,0,0,0,0,0,0.469331,-0.450331,0.315891,-0.201636,0.12458,-0.0760744,0.0462561,-0.0280813,0.0170379,-0.0103353,0.00626896,-0.00380238,0.00230627,-0.00139883,0.000848433,-0.000514601,0.000312121,-0.000189311,0.000114823,-6.96437e-05,4.2241e-05,-2.56205e-05,1.55396e-05,-9.42524e-06,5.7167e-06,-3.46735e-06,2.10306e-06,-1.27557e-06,7.73671e-07,-4.69255e-07,2.84618e-07,-1.72629e-07,1.04705e-07,-6.35068e-08,3.85188e-08,-2.33628e-08,1.41703e-08,-8.59471e-09,5.21295e-09,-3.16182e-09,1.91774e-09,-1.16317e-09,7.05497e-10,-4.27905e-10,2.59538e-10,-1.57418e-10,9.54786e-11,-5.79107e-11,3.51246e-11,-2.13042e-11,1.29216e-11,-7.83736e-12,4.7536e-12,-2.8832e-12,1.74875e-12,-1.06067e-12,6.4333e-13,-3.90199e-13,2.36668e-13,-1.43546e-13,8.70652e-14,-5.28077e-14,3.20295e-14,-1.94269e-14,1.1783e-14,-7.14675e-15,4.33472e-15,-2.62914e-15,1.59465e-15,-9.67206e-16,5.86639e-16,-3.55812e-16,2.15807e-16,-1.30888e-16,7.93777e-17,-4.81289e-17,2.9165e-17,-1.76456e-17,1.06305e-17,-6.32963e-18,3.64798e-18,-1.91317e-18,7.33508e-19
0,0,0,0,0,0,0,0,0,0,0,0,0,0,0,0,0,0,0,0.469331,-0.450331,0.315891,-0.201636,0.12458,-0.0760744,0.0462561,-0.0280813,0.0170379,-0.0103353,0.00626896,-0.00380238,0.00230627,-0.00139883,0.000848433,-0.000514601,0.000312121,-0.000189311,0.000114823,-6.96437e-05,4.2241e-05,-2.56205e-05,1.55396e-05,-9.42524e-06,5.7167e-06,-3.46735e-06,2.10306e-06,-1.27557e-06,7.73671e-07,-4.69255e-07,2.84618e-07,-1.72629e-07,1.04705e-07,-6.35068e-08,3.85188e-08,-2.33628e-08,1.41703e-08,-8.59471e-09,5.21295e-09,-3.16182e-09,1.91774e-09,-1.16317e-09,7.05497e-10,-4.27905e-10,2.59538e-10,-1.57418e-10,9.54786e-11,-5.79107e-11,3.51246e-11,-2.13042e-11,1.29216e-11,-7.83736e-12,4.7536e-12,-2.8832e-12,1.74875e-12,-1.06067e-12,6.4333e-13,-3.90199e-13,2.36668e-13,-1.43546e-13,8.70652e-14,-5.28077e-14,3.20295e-14,-1.94269e-14,1.1783e-14,-7.14675e-15,4.33472e-15,-2.62914e-15,1.59465e-15,-9.67204e-16,5.86635e-16,-3.55806e-16,2.15798e-16,-1.30872e-16,7.93511e-17,-4.8085e-17,2.90927e-17,-1.75267e-17,1.04358e-17,-6.0145e-18,3.15428e-18,-1.20935e-18
0,0,0,0,0,0,0,0,0,0,0,0,0,0,0,0,0,0,0,0,0.469331,-0.450331,0.315891,-0.201636,0.12458,-0.0760744,0.0462561,-0.0280813,0.0170379,-0.0103353,0.00626896,-0.00380238,0.00230627,-0.00139883,0.000848433,-0.000514601,0.000312121,-0.000189311,0.000114823,-6.96437e-05,4.2241e-05,-2.56205e-05,1.55396e-05,-9.42524e-06,5.7167e-06,-3.46735e-06,2.10306e-06,-1.27557e-06,7.73671e-07,-4.69255e-07,2.84618e-07,-1.72629e-07,1.04705e-07,-6.35068e-08,3.85188e-08,-2.33628e-08,1.41703e-08,-8.59471e-09,5.21295e-09,-3.16182e-09,1.91774e-09,-1.16317e-09,7.05497e-10,-4.27905e-10,2.59538e-10,-1.57418e-10,9.54786e-11,-5.79107e-11,3.51246e-11,-2.13042e-11,1.29216e-11,-7.83736e-12,4.7536e-12,-2.8832e-12,1.74875e-12,-1.06067e-12,6.4333e-13,-3.90199e-13,2.36668e-13,-1.43546e-13,8.70652e-14,-5.28077e-14,3.20295e-14,-1.94269e-14,1.1783e-14,-7.14675e-15,4.33472e-15,-2.62914e-15,1.59465e-15,-9.67198e-16,5.86625e-16,-3.5579e-16,2.15771e-16,-1.30828e-16,7.92787e-17,-4.79658e-17,2.88967e-17,-1.72057e-17,9.91623e-18,-5.20052e-18,1.99388e-18
0,0,0,0,0,0,0,0,0,0,0,0,0,0,0,0,0,0,0,0,0,0.469331,-0.450331,0.315891,-0.201636,0.12458,-0.0760744,0.0462561,-0.0280813,0.0170379,-0.0103353,0.00626896,-0.00380238,0.00230627,-0.00139883,0.000848433,-0.000514601,0.000312121,-0.000189311,0.000114823,-6.96437e-05,4.2241e-05,-2.56205e-05,1.55396e-05,-9.42524e-06,5.7167e-06,-3.46735e-06,2.10306e-06,-1.27557e-06,7.73671e-07,-4.69255e-07,2.84618e-07,-1.72629e-07,1.04705e-07,-6.35068e-08,3.85188e-08,-2.33628e-08,1.41703e-08,-8.59471e-09,5.21295e-09,-3.16182e-09,1.91774e-09,-1.16317e-09,7.05497e-10,-4.27905e-10,2.59538e-10,-1.57418e-10,9.54786e-11,-5.79107e-11,3.51246e-11,-2.13042e-11,1.29216e-11,-7.83736e-12,4.7536e-12,-2.8832e-12,1.74875e-12,-1.06067e-12,6.4333e-13,-3.90199e-13,2.36668e-13,-1.43546e-13,8.70652e-14,-5.28077e-14,3.20295e-14,-1.94269e-14,1.1783e-14,-7.14674e-15,4.33472e-15,-2.62913e-15,1.59464e-15,-9.67182e-16,5.86599e-16,-3.55746e-16,2.15699e-16,-1.30708e-16,7.90822e-17,-4.76426e-17,2.83674e-17,-1.63491e-17,8.57421e-18,-3.28736e-18
0,0,0,0,0,0,0,0,0,0,0,0,0,0,0,0,0,0,0,0,0,0,0.469331,-0.450331,0.315891,-0.201636,0.12458,-0.0760744,0.0462561,-0.0280813,0.0170379,-0.0103353,0.00626896,-0.00380238,0.00230627,-0.00139883,0.000848433,-0.000514601,0.000312121,-0.000189311,0.000114823,-6.96437e-05,4.2241e-05,-2.56205e-05,1.55396e-05,-9.42524e-06,5.7167e-06,-3.46735e-06,2.10306e-06,-1.27557e-06,7.73671e-07,-4.69255e-07,2.84618e-07,-1.72629e-07,1.04705e-07,-6.35068e-08,3.85188e-08,-2.33628e-08,1.41703e-08,-8.59471e-09,5.21295e-09,-3.16182e-09,1.91774e-09,-1.16317e-09,7.05497e-10,-4.27905e-10,2.59538e-10,-1.57418e-10,9.54786e-11,-5.79107e-11,3.51246e-11,-2.13042e-11,1.29216e-11,-7.83736e-12,4.7536e-12,-2.8832e-12,1.74875e-12,-1.06067e-12,6.4333e-13,-3.90199e-13,2.36668e-13,-1.43546e-13,8.70652e-14,-5.28077e-14,3.20295e-14,-1.94269e-14,1.1783e-14,-7.14674e-15,4.33471e-15,-2.62912e-15,1.59461e-15,-9.67138e-16,5.86526e-16,-3.55627e-16,2.15502e-16,-1.30385e-16,7.85493e-17,-4.677e-17,2.69551e-17,-1.41365e-17,5.41993e-18
0,0,0,0,0,0,0,0,0,0,0,0,0,0,0,0,0,0,0,0,0,0,0,0.469331,-0.450331,0.315891,-0.201636,0.12458,-0.0760744,0.0462561,-0.0280813,0.0170379,-0.0103353,0.00626896,-0.00380238,0.00230627,-0.00139883,0.000848433,-0.000514601,0.000312121,-0.000189311,0.000114823,-6.96437e-05,4.2241e-05,-2.56205e-05,1.55396e-05,-9.42524e-06,5.7167e-06,-3.46735e-06,2.10306e-06,-1.27557e-06,7.73671e-07,-4.69255e-07,2.84618e-07,-1.72629e-07,1.04705e-07,-6.35068e-08,3.85188e-08,-2.33628e-08,1.41703e-08,-8.59471e-09,5.21295e-09,-3.16182e-09,1.91774e-09,-1.16317e-09,7.05497e-10,-4.27905e-10,2.59538e-10,-1.57418e-10,9.54786e-11,-5.79107e-11,3.51246e-11,-2.13042e-11,1.29216e-11,-7.83736e-12,4.7536e-12,-2.8832e-12,1.74875e-12,-1.06067e-12,6.4333e-13,-3.90199e-13,2.36668e-13,-1.43546e-13,8.70652e-14,-5.28077e-14,3.20295e-14,-1.94269e-14,1.1783e-14,-7.14672e-15,4.33468e-15,-2.62907e-15,1.59454e-15,-9.67018e-16,5.8633e-16,-3.55303e-16,2.14968e-16,-1.29506e-16,7.71107e-17,-4.44414e-17,2.33071e-17,-8.93596e-18
0,0,0,0,0,0,0,0,0,0,0,0,0,0,0,0,0,0,0,0,0,0,0,0,0.469331,-0.450331,0.315891,-0.201636,0.12458,-0.0760744,0.0462561,-0.0280813,0.0170379,-0.0103353,0.00626896,-0.00380238,0.00230627,-0.00139883,0.000848433,-0.000514601,0.000312121,-0.000189311,0.000114823,-6.96437e-05,4.2241e-05,-2.56205e-05,1.55396e-05,-9.42524e-06,5.7167e-06,-3.46735e-06,2.10306e-06,-1.27557e-06,7.73671e-07,-4.69255e-07,2.84618e-07,-1.72629e-07,1.04705e-07,-6.35068e-08,3.85188e-08,-2.33628e-08,1.41703e-08,-8.59471e-09,5.21295e-09,-3.16182e-09,1.91774e-09,-1.16317e-09,7.05497e-10,-4.27905e-10,2.59538e-10,-1.57418e-10,9.54786e-11,-5.79107e-11,3.51246e-11,-2.13042e-11,1.29216e-11,-7.83736e-12,4.7536e-12,-2.8832e-12,1.74875e-12,-1.06067e-12,6.4333e-13,-3.90199e-13,2.36668e-13,-1.43546e-13,8.70652e-14,-5.28077e-14,3.20295e-14,-1.94268e-14,1.1783e-14,-7.14668e-15,4.33461e-15,-2.62895e-15,1.59434e-15,-9.66694e-16,5.85795e-16,-3.54422e-16,2.13519e-16,-1.27134e-16,7.32716e-17,-3.84269e-17,1.47329e-17
0,0,0,0,0,0,0,0,0,0,0,0,0,0,0,0,0,0,0,0,0,0,0,0,0,0.469331,-0.450331,0.315891,-0.201636,0.12458,-0.0760744,0.0462561,-0.0280813,0.0170379,-0.0103353,0.00626896,-0.00380238,0.00230627,-0.00139883,0.000848433,-0.000514601,0.000312121,-0.000189311,0.000114823,-6.96437e-05,4.2241e-05,-2.56205e-05,1.55396e-05,-9.42524e-06,5.7167e-06,-3.46735e-06,2.10306e-06,-1.27557e-06,7.73671e-07,-4.69255e-07,2.84618e-07,-1.72629e-07,1.04705e-07,-6.35068e-08,3.85188e-08,-2.33628e-08,1.41703e-08,-8.59471e-09,5.21295e-09,-3.16182e-09,1.91774e-09,-1.16317e-09,7.05497e-10,-4.27905e-10,2.59538e-10,-1.57418e-10,9.54786e-11,-5.79107e-11,3.51246e-11,-2.13042e-11,1.29216e-11,-7.83736e-12,4.7536e-12,-2.8832e-12,1.74875e-12,-1.06067e-12,6.4333e-13,-3.90199e-13,2.36668e-13,-1.43546e-13,8.70652e-14,-5.28077e-14,3.20295e-14,-1.94268e-14,1.17829e-14,-7.14656e-15,4.33441e-15,-2.62863e-15,1.59381e-15,-9.65812e-16,5.84343e-16,-3.52034e-16,2.09609e-16,-1.20804e-16,6.33553e-17,-2.42905e-17
0,0,0,0,0,0,0,0,0,0,0,0,0,0,0,0,0,0,0,0,0,0,0,0,0,0,0.469331,-0.450331,0.315891,-0.201636,0.12458,-0.0760744,0.0462561,-0.0280813,0.0170379,-0.0103353,0.00626896,-0.00380238,0.00230627,-0.00139883,0.000848433,-0.000514601,0.000312121,-0.000189311,0.000114823,-6.96437e-05,4.2241e-05,-2.56205e-05,1.55396e-05,-9.42524e-06,5.7167e-06,-3.46735e-06,2.10306e-06,-1.27557e-06,7.73671e-07,-4.69255e-07,2.84618e-07,-1.72629e-07,1.04705e-07,-6.35068e-08,3.85188e-08,-2.33628e-08,1.41703e-08,-8.59471e-09,5.21295e-09,-3.16182e-09,1.91774e-09,-1.16317e-09,7.05497e-10,-4.27905e-10,2.59538e-10,-1.57418e-10,9.54786e-11,-5.79107e-11,3.51246e-11,-2.13042e-11,1.29216e-11,-7.83736e-12,4.7536e-12,-2.8832e-12,1.74875e-12,-1.06067e-12,6.4333e-13,-3.90199e-13,2.36668e-13,-1.43546e-13,8.70652e-14,-5.28077e-14,3.20294e-14,-1.94267e-14,1.17827e-14,-7.14623e-15,4.33388e-15,-2.62775e-15,1.59236e-15,-9.63418e-16,5.80406e-16,-3.45586e-16,1.99173e-16,-1.04455e-16,4.00482e-17
0,0,0,0,0,0,0,0,0,0,0,0,0,0,0,0,0,0,0,0,0,0,0,0,0,0,0,0.469331,-0.450331,0.315891,-0.201636,0.12458,-0.0760744,0.0462561,-0.0280813,0.0170379,-0.0103353,0.00626896,-0.00380238,0.00230627,-0.00139883,0.000848433,-0.000514601,0.000312121,-0.000189311,0.000114823,-6.96437e-05,4.2241e-05,-2.56205e-05,1.55396e-05,-9.42524e-06,5.7167e-06,-3.46735e-06,2.10306e-06,-1.27557e-06,7.73671e-07,-4.69255e-07,2.84618e-07,-1.72629e-07,1.04705e-07,-6.35068e-08,3.85188e-08,-2.33628e-08,1.41703e-08,-8.59471e-09,5.21295e-09,-3.16182e-09,1.91774e-09,-1.16317e-09,7.05497e-10,-4.27905e-10,2.59538e-10,-1.57418e-10,9.54786e-11,-5.79107e-11,3.51246e-11,-2.13042e-11,1.29216e-11,-7.83736e-12,4.7536e-12,-2.8832e-12,1.74875e-12,-1.06067e-12,6.4333e-13,-3.90199e-13,2.36668e-13,-1.43546e-13,8.70651e-14,-5.28075e-14,3.20292e-14,-1.94264e-14,1.17821e-14,-7.14535e-15,4.33242e-15,-2.62535e-15,1.58841e-15,-9.56927e-16,5.69775e-16,-3.2838e-16,1.72218e-16,-6.60283e-17
0,0,0,0,0,0,0,0,0,0,0,0,0,0,0,0,0,0,0,0,0,0,0,0,0,0,0,0,0.469331,-0.450331,0.315891,-0.201636,0.12458,-0.0760744,0.0462561,-0.0280813,0.0170379,-0.0103353,0.00626896,-0.00380238,0.00230627,-0.00139883,0.000848433,-0.000514601,0.000312121,-0.000189311,0.000114823,-6.96437e-05,4.2241e-05,-2.56205e-05,1.55396e-05,-9.42524e-06,5.7167e-06,-3.46735e-06,2.10306e-06,-1.27557e-06,7.73671e-07,-4.69255e-07,2.84618e-07,-1.72629e-07,1.04705e-07,-6.35068e-08,3.85188e-08,-2.33628e-08,1.41703e-08,-8.59471e-09,5.21295e-09,-3.16182e-09,1.91774e-09,-1.16317e-09,7.05497e-10,-4.27905e-10,2.59538e-10,-1.57418e-10,9.54786e-11,-5.79107e-11,3.51246e-11,-2.13042e-11,1.29216e-11,-7.83736e-12,4.7536e-12,-2.8832e-12,1.74875e-12,-1.06067e-12,6.4333e-13,-3.90199e-13,2.36668e-13,-1.43546e-13,8.70649e-14,-5.28072e-14,3.20287e-14,-1.94255e-14,1.17807e-14,-7.14296e-15,4.32847e-15,-2.61884e-15,1.57771e-15,-9.394e-16,5.41408e-16,-2.83939e-16,1.08862e-16
0,0,0,0,0,0,0,0,0,0,0,0,0,0,0,0,0,0,0,0,0,0,0,0,0,0,0,0,0,0.469331,-0.450331,0.315891,-0.201636,0.12458,-0.0760744,0.0462561,-0.0280813,0.0170379,-0.0103353,0.00626896,-0.00380238,0.00230627,-0.00139883,0.000848433,-0.000514601,0.000312121,-0.000189311,0.000114823,-6.96437e-05,4.2241e-05,-2.56205e-05,1.55396e-05,-9.42524e-06,5.7167e-06,-3.46735e-06,2.10306e-06,-1.27557e-06,7.73671e-07,-4.69255e-07,2.84618e-07,-1.72629e-07,1.04705e-07,-6.35068e-08,3.85188e-08,-2.33628e-08,1.41703e-08,-8.59471e-09,5.21295e-09,-3.16182e-09,1.91774e-09,-1.16317e-09,7.05497e-10,-4.27905e-10,2.59538e-10,-1.57418e-10,9.54786e-11,-5.79107e-11,3.51246e-11,-2.13042e-11,1.29216e-11,-7.83736e-12,4.7536e-12,-2.8832e-12,1.74875e-12,-1.06067e-12,6.4333e-13,-3.90199e-13,2.36667e-13,-1.43546e-13,8.70644e-14,-5.28063e-14,3.20272e-14,-1.94231e-14,1.17767e-14,-7.13644e-15,4.31774e-15,-2.6012e-15,1.54881e-15,-8.9263e-16,4.68136e-16,-1.79484e-16
0,0,0,0,0,0,0,0,0,0,0,0,0,0,0,0,0,0,0,0,0,0,0,0,0,0,0,0,0,0,0.469331,-0.450331,0.315891,-0.201636,0.12458,-0.0760744,0.0462561,-0.0280813,0.0170379,-0.0103353,0.00626896,-0.00380238,0.00230627,-0.00139883,0.000848433,-0.000514601,0.000312121,-0.000189311,0.000114823,-6.96437e-05,4.2241e-05,-2.56205e-05,1.55396e-05,-9.42524e-06,5.7167e-06,-3.46735e-06,2.10306e-06,-1.27557e-06,7.73671e-07,-4.69255e-07,2.84618e-07,-1.72629e-07,1.04705e-07,-6.35068e-08,3.85188e-08,-2.33628e-08,1.41703e-08,-8.59471e-09,5.21295e-09,-3.16182e-09,1.91774e-09,-1.16317e-09,7.05497e-10,-4.27905e-10,2.59538e-10,-1.57418e-10,9.54786e-11,-5.79107e-11,3.51246e-11,-2.13042e-11,1.29216e-11,-7.83736e-12,4.7536e-12,-2.8832e-12,1.74875e-12,-1.06067e-12,6.43329e-13,-3.90199e-13,2.36667e-13,-1.43545e-13,8.70629e-14,-5.28039e-14,3.20232e-14,-1.94166e-14,1.1766e-14,-7.11875e-15,4.28865e-15,-2.55355e-15,1.4717e-15,-7.71826e-16,2.95918e-16
0,0,0,0,0,0,0,0,0,0,0,0,0,0,0,0,0,0,0,0,0,0,0,0,0,0,0,0,0,0,0,0.469331,-0.450331,0.315891,-0.201636,0.12458,-0.0760744,0.0462561,-0.0280813,0.0170379,-0.0103353,0.00626896,-0.00380238,0.00230627,-0.00139883,0.000848433,-0.000514601,0.000312121,-0.000189311,0.000114823,-6.96437e-05,4.2241e-05,-2.56205e-05,1.55396e-05,-9.42524e-06,5.7167e-06,-3.46735e-06,2.10306e-06,-1.27557e-06,7.73671e-07,-4.69255e-07,2.84618e-07,-1.72629e-07,1.04705e-07,-6.35068e-08,3.85188e-08,-2.33628e-08,1.41703e-08,-8.59471e-09,5.21295e-09,-3.16182e-09,1.91774e-09,-1.16317e-09,7.05497e-10,-4.27905e-10,2.59538e-10,-1.57418e-10,9.54786e-11,-5.79107e-11,3.51246e-11,-2.13042e-11,1.29216e-11,-7.83736e-12,4.7536e-12,-2.8832e-12,1.74875e-12,-1.06067e-12,6.43329e-13,-3.90198e-13,2.36665e-13,-1.43542e-13,8.7059e-14,-5.27974e-14,3.20125e-14,-1.93989e-14,1.17368e-14,-7.07079e-15,4.2101e-15,-2.42642e-15,1.27253e-15,-4.87887e-16
0,0,0,0,0,0,0,0,0,0,0,0,0,0,0,0,0,0,0,0,0,0,0,0,0,0,0,0,0,0,0,0,0.469331,-0.450331,0.315891,-0.201636,0.12458,-0.0760744,0.0462561,-0.0280813,0.0170379,-0.0103353,0.00626896,-0.00380238,0.00230627,-0.00139883,0.000848433,-0.000514601,0.000312121,-0.000189311,0.000114823,-6.96437e-05,4.2241e-05,-2.56205e-05,1.55396e-05,-9.42524e-06,5.7167e-06,-3.46735e-06,2.10306e-06,-1.27557e-06,7.73671e-07,-4.69255e-07,2.84618e-07,-1.72629e-07,1.04705e-07,-6.35068e-08,3.85188e-08,-2.33628e-08,1.41703e-08,-8.59471e-09,5.21295e-09,-3.16182e-09,1.91774e-09,-1.16317e-09,7.05497e-10,-4.27905e-10,2.59538e-10,-1.57418e-10,9.54786e-11,-5.79107e-11,3.51246e-11,-2.13042e-11,1.29216e-11,-7.83736e-12,4.7536e-12,-2.8832e-12,1.74875e-12,-1.06067e-12,6.43327e-13,-3.90195e-13,2.36662e-13,-1.43536e-13,8.70482e-14,-5.27797e-14,3.19833e-14,-1.93508e-14,1.16578e-14,-6.94128e-15,4.00049e-15,-2.09804e-15,8.0439e-16
0,0,0,0,0,0,0,0,0,0,0,0,0,0,0,0,0,0,0,0,0,0,0,0,0,0,0,0,0,0,0,0,0,0.469331,-0.450331,0.315891,-0.201636,0.12458,-0.0760744,0.0462561,-0.0280813,0.0170379,-0.0103353,0.00626896,-0.00380238,0.00230627,-0.00139883,0.000848433,-0.000514601,0.000312121,-0.000189311,0.000114823,-6.96437e-05,4.2241e-05,-2.56205e-05,1.55396e-05,-9.42524e-06,5.7167e-06,-3.46735e-06,2.10306e-06,-1.27557e-06,7.73671e-07,-4.69255e-07,2.84618e-07,-1.72629e-07,1.04705e-07,-6.35068e-08,3.85188e-08,-2.33628e-08,1.41703e-08,-8.59471e-09,5.21295e-09,-3.16182e-09,1.91774e-09,-1.16317e-09,7.05497e-10,-4.27905e-10,2.59538e-10,-1.57418e-10,9.54786e-11,-5.79107e-11,3.51246e-11,-2.13042e-11,1.29216e-11,-7.83736e-12,4.7536e-12,-2.8832e-12,1.74875e-12,-1.06067e-12,6.43323e-13,-3.90189e-13,2.36651e-13,-1.43518e-13,8.7019e-14,-5.27316e-14,3.1904e-14,-1.92204e-14,1.14442e-14,-6.59569e-15,3.45908e-15,-1.32621e-15
0,0,0,0,0,0,0,0,0,0,0,0,0,0,0,0,0,0,0,0,0,0,0,0,0,0,0,0,0,0,0,0,0,0,0.469331,-0.450331,0.315891,-0.201636,0.12458,-0.0760744,0.0462561,-0.0280813,0.0170379,-0.0103353,0.00626896,-0.00380238,0.00230627,-0.00139883,0.000848433,-0.000514601,0.000312121,-0.000189311,0.000114823,-6.96437e-05,4.2241e-05,-2.56205e-05,1.55396e-05,-9.42524e-06,5.7167e-06,-3.46735e-06,2.10306e-06,-1.27557e-06,7.73671e-07,-4.69255e-07,2.84618e-07,-1.72629e-07,1.04705e-07,-6.35068e-08,3.85188e-08,-2.33628e-08,1.41703e-08,-8.59471e-09,5.21295e-09,-3.16182e-09,1.91774e-09,-1.16317e-09,7.05497e-10,-4.27905e-10,2.59538e-10,-1.57418e-10,9.54786e-11,-5.79107e-11,3.51246e-11,-2.13042e-11,1.29216e-11,-7.83736e-12,4.7536e-12,-2.8832e-12,1.74875e-12,-1.06066e-12,6.43313e-13,-3.90171e-13,2.36622e-13,-1.4347e-13,8.69397e-14,-5.26009e-14,3.16891e-14,-1.88684e-14,1.08745e-14,-5.70306e-15,2.18656e-15
0,0,0,0,0,0,0,0,0,0,0,0,0,0,0,0,0,0,0,0,0,0,0,0,0,0,0,0,0,0,0,0,0,0,0,0.469331,-0.450331,0.315891,-0.201636,0.12458,-0.0760744,0.0462561,-0.0280813,0.0170379,-0.0103353,0.00626896,-0.00380238,0.00230627,-0.00139883,0.000848433,-0.000514601,0.000312121,-0.000189311,0.000114823,-6.96437e-05,4.2241e-05,-2.56205e-05,1.55396e-05,-9.42524e-06,5.7167e-06,-3.46735e-06,2.10306e-06,-1.27557e-06,7.73671e-07,-4.69255e-07,2.84618e-07,-1.72629e-07,1.04705e-07,-6.35068e-08,3.85188e-08,-2.33628e-08,1.41703e-08,-8.59471e-09,5.21295e-09,-3.16182e-09,1.91774e-09,-1.16317e-09,7.05497e-10,-4.27905e-10,2.59538e-10,-1.57418e-10,9.54786e-11,-5.79107e-11,3.51246e-11,-2.13042e-11,1.29216e-11,-7.83736e-12,4.75359e-12,-2.88319e-12,1.74873e-12,-1.06064e-12,6.43284e-13,-3.90123e-13,2.36542e-13,-1.43339e-13,8.67242e-14,-5.22464e-14,3.11087e-14,-1.7929e-14,9.40276e-15,-3.60502e-15
0,0,0,0,0,0,0,0,0,0,0,0,0,0,0,0,0,0,0,0,0,0,0,0,0,0,0,0,0,0,0,0,0,0,0,0,0.469331,-0.450331,0.315891,-0.201636,0.12458,-0.0760744,0.0462561,-0.0280813,0.0170379,-0.0103353,0.00626896,-0.00380238,0.00230627,-0.00139883,0.000848433,-0.000514601,0.000312121,-0.000189311,0.000114823,-6.96437e-05,4.2241e-05,-2.56205e-05,1.55396e-05,-9.42524e-06,5.7167e-06,-3.46735e-06,2.10306e-06,-1.27557e-06,7.73671e-07,-4.69255e-07,2.84618e-07,-1.72629e-07,1.04705e-07,-6.35068e-08,3.85188e-08,-2.33628e-08,1.41703e-08,-8.59471e-09,5.21295e-09,-3.16182e-09,1.91774e-09,-1.16317e-09,7.05497e-10,-4.27905e-10,2.59538e-10,-1.57418e-10,9.54786e-11,-5.79107e-11,3.51246e-11,-2.13042e-11,1.29216e-11,-7.83735e-12,4.75358e-12,-2.88318e-12,1.74871e-12,-1.0606e-12,6.43204e-13,-3.89992e-13,2.36327e-13,-1.42984e-13,8.61398e-14,-5.12895e-14,2.95599e-14,-1.55025e-14,5.94368e-15
0,0,0,0,0,0,0,0,0,0,0,0,0,0,0,0,0,0,0,0,0,0,0,0,0,0,0,0,0,0,0,0,0,0,0,0,0,0.469331,-0.450331,0.315891,-0.201636,0.12458,-0.0760744,0.0462561,-0.0280813,0.0170379,-0.0103353,0.00626896,-0.00380238,0.00230627,-0.00139883,0.000848433,-0.000514601,0.000312121,-0.000189311,0.000114823,-6.96437e-05,4.2241e-05,-2.56205e-05,1.55396e-05,-9.42524e-06,5.7167e-06,-3.46735e-06,2.10306e-06,-1.27557e-06,7.73671e-07,-4.69255e-07,2.84618e-07,-1.72629e-07,1.04705e-07,-6.35068e-08,3.85188e-08,-2.33628e-08,1.41703e-08,-8.59471e-09,5.21295e-09,-3.16182e-09,1.91774e-09,-1.16317e-09,7.05497e-10,-4.27905e-10,2.59538e-10,-1.57418e-10,9.54786e-11,-5.79107e-11,3.51246e-11,-2.13041e-11,1.29216e-11,-7.83733e-12,4.75355e-12,-2.88313e-12,1.74863e-12,-1.06046e-12,6.42988e-13,-3.89637e-13,2.35741e-13,-1.42021e-13,8.45621e-14,-4.8736e-14,2.55594e-14,-9.79947e-15
0,0,0,0,0,0,0,0,0,0,0,0,0,0,0,0,0,0,0,0,0,0,0,0,0,0,0,0,0,0,0,0,0,0,0,0,0,0,0.469331,-0.450331,0.315891,-0.201636,0.12458,-0.0760744,0.0462561,-0.0280813,0.0170379,-0.0103353,0.00626896,-0.00380238,0.00230627,-0.00139883,0.000848433,-0.000514601,0.000312121,-0.000189311,0.000114823,-6.96437e-05,4.2241e-05,-2.56205e-05,1.55396e-05,-9.42524e-06,5.7167e-06,-3.46735e-06,2.10306e-06,-1.27557e-06,7.73671e-07,-4.69255e-07,2.84618e-07,-1.72629e-07,1.04705e-07,-6.35068e-08,3.85188e-08,-2.33628e-08,1.41703e-08,-8.59471e-09,5.21295e-09,-3.16182e-09,1.91774e-09,-1.16317e-09,7.05497e-10,-4.27905e-10,2.59538e-10,-1.57418e-10,9.54786e-11,-5.79107e-11,3.51246e-11,-2.13041e-11,1.29216e-11,-7.83728e-12,4.75347e-12,-2.883e-12,1.74841e-12,-1.06011e-12,6.42402e-13,-3.88671e-13,2.34152e-13,-1.39419e-13,8.0352e-14,-4.21403e-14,1.61566e-14
0,0,0,0,0,0,0,0,0,0,0,0,0,0,0,0,0,0,0,0,0,0,0,0,0,0,0,0,0,0,0,0,0,0,0,0,0,0,0,0.469331,-0.450331,0.315891,-0.201636,0.12458,-0.0760744,0.0462561,-0.0280813,0.0170379,-0.0103353,0.00626896,-0.00380238,0.00230627,-0.00139883,0.000848433,-0.000514601,0.000312121,-0.000189311,0.000114823,-6.96437e-05,4.2241e-05,-2.56205e-05,1.55396e-05,-9.42524e-06,5.7167e-06,-3.46735e-06,2.10306e-06,-1.27557e-06,7.73671e-07,-4.69255e-07,2.84618e-07,-1.72629e-07,1.04705e-07,-6.35068e-08,3.85188e-08,-2.33628e-08,1.41703e-08,-8.59471e-09,5.21295e-09,-3.16182e-09,1.91774e-09,-1.16317e-09,7.05497e-10,-4.27905e-10,2.59538e-10,-1.57418e-10,9.54786e-11,-5.79107e-11,3.51246e-11,-2.13041e-11,1.29215e-11,-7.83715e-12,4.75326e-12,-2.88264e-12,1.74782e-12,-1.05914e-12,6.4081e-13,-3.86052e-13,2.29864e-13,-1.32478e-13,6.94776e-14,-2.66377e-14
0,0,0,0,0,0,0,0,0,0,0,0,0,0,0,0,0,0,0,0,0,0,0,0,0,0,0,0,0,0,0,0,0,0,0,0,0,0,0,0,0.469331,-0.450331,0.315891,-0.201636,0.12458,-0.0760744,0.0462561,-0.0280813,0.0170379,-0.0103353,0.00626896,-0.00380238,0.00230627,-0.00139883,0.000848433,-0.000514601,0.000312121,-0.000189311,0.000114823,-6.96437e-05,4.2241e-05,-2.56205e-05,1.55396e-05,-9.42524e-06,5.7167e-06,-3.46735e-06,2.10306e-06,-1.27557e-06,7.73671e-07,-4.69255e-07,2.84618e-07,-1.72629e-07,1.04705e-07,-6.35068e-08,3.85188e-08,-2.33628e-08,1.41703e-08,-8.59471e-09,5.21295e-09,-3.16182e-09,1.91774e-09,-1.16317e-09,7.05497e-10,-4.27905e-10,2.59538e-10,-1.57418e-10,9.54786e-11,-5.79106e-11,3.51245e-11,-2.13039e-11,1.29213e-11,-7.8368e-12,4.75267e-12,-2.88167e-12,1.74623e-12,-1.05652e-12,6.36492e-13,-3.78981e-13,2.18419e-13,-1.14549e-13,4.39182e-14
0,0,0,0,0,0,0,0,0,0,0,0,0,0,0,0,0,0,0,0,0,0,0,0,0,0,0,0,0,0,0,0,0,0,0,0,0,0,0,0,0,0.469331,-0.450331,0.315891,-0.201636,0.12458,-0.0760744,0.0462561,-0.0280813,0.0170379,-0.0103353,0.00626896,-0.00380238,0.00230627,-0.00139883,0.000848433,-0.000514601,0.000312121,-0.000189311,0.000114823,-6.96437e-05,4.2241e-05,-2.56205e-05,1.55396e-05,-9.42524e-06,5.7167e-06,-3.46735e-06,2.10306e-06,-1.27557e-06,7.73671e-07,-4.69255e-07,2.84618e-07,-1.72629e-07,1.04705e-07,-6.35068e-08,3.85188e-08,-2.33628e-08,1.41703e-08,-8.59471e-09,5.21295e-09,-3.16182e-09,1.91774e-09,-1.16317e-09,7.05497e-10,-4.27905e-10,2.59538e-10,-1.57418e-10,9.54785e-11,-5.79105e-11,3.51243e-11,-2.13036e-11,1.29207e-11,-7.83583e-12,4.75108e-12,-2.87905e-12,1.7419e-12,-1.0494e-12,6.24834e-13,-3.60113e-13,1.8886e-13,-7.24089e-14
0,0,0,0,0,0,0,0,0,0,0,0,0,0,0,0,0,0,0,0,0,0,0,0,0,0,0,0,0,0,0,0,0,0,0,0,0,0,0,0,0,0,0.469331,-0.450331,0.315891,-0.201636,0.12458,-0.0760744,0.0462561,-0.0280813,0.0170379,-0.0103353,0.00626896,-0.00380238,0.00230627,-0.00139883,0.000848433,-0.000514601,0.000312121,-0.000189311,0.000114823,-6.96437e-05,4.2241e-05,-2.56205e-05,1.55396e-05,-9.42524e-06,5.7167e-06,-3.46735e-06,2.10306e-06,-1.27557e-06,7.73671e-07,-4.69255e-07,2.84618e-07,-1.72629e-07,1.04705e-07,-6.35068e-08,3.85188e-08,-2.33628e-08,1.41703e-08,-8.59471e-09,5.21295e-09,-3.16182e-09,1.91774e-09,-1.16317e-09,7.05497e-10,-4.27905e-10,2.59538e-10,-1.57417e-10,9.54783e-11,-5.79101e-11,3.51237e-11,-2.13026e-11,1.29191e-11,-7.8332e-12,4.74674e-12,-2.87191e-12,1.73016e-12,-1.03018e-12,5.93726e-13,-3.11377e-13,1.19382e-13
0,0,0,0,0,0,0,0,0,0,0,0,0,0,0,0,0,0,0,0,0,0,0,0,0,0,0,0,0,0,0,0,0,0,0,0,0,0,0,0,0,0,0,0.469331,-0.450331,0.315891,-0.201636,0.12458,-0.0760744,0.0462561,-0.0280813,0.0170379,-0.0103353,0.00626896,-0.00380238,0.00230627,-0.00139883,0.000848433,-0.000514601,0.000312121,-0.000189311,0.000114823,-6.96437e-05,4.2241e-05,-2.56205e-05,1.55396e-05,-9.42524e-06,5.7167e-06,-3.46735e-06,2.10306e-06,-1.27557e-06,7.73671e-07,-4.69255e-07,2.84618e-07,-1.72629e-07,1.04705e-07,-6.35068e-08,3.85188e-08,-2.33628e-08,1.41703e-08,-8.59471e-09,5.21295e-09,-3.16182e-09,1.91774e-09,-1.16317e-09,7.05497e-10,-4.27905e-10,2.59537e-10,-1.57417e-10,9.54777e-11,-5.79092e-11,3.51221e-11,-2.13e-11,1.29148e-11,-7.82606e-12,4.73498e-12,-2.85256e-12,1.69848e-12,-9.78888e-13,5.13374e-13,-1.96828e-13
0,0,0,0,0,0,0,0,0,0,0,0,0,0,0,0,0,0,0,0,0,0,0,0,0,0,0,0,0,0,0,0,0,0,0,0,0,0,0,0,0,0,0,0,0.469331,-0.450331,0.315891,-0.201636,0.12458,-0.0760744,0.0462561,-0.0280813,0.0170379,-0.0103353,0.00626896,-0.00380238,0.00230627,-0.00139883,0.000848433,-0.000514601,0.000312121,-0.000189311,0.000114823,-6.96437e-05,4.2241e-05,-2.56205e-05,1.55396e-05,-9.42524e-06,5.7167e-06,-3.46735e-06,2.10306e-06,-1.27557e-06,7.73671e-07,-4.69255e-07,2.84618e-07,-1.72629e-07,1.04705e-07,-6.35068e-08,3.85188e-08,-2.33628e-08,1.41703e-08,-8.59471e-09,5.21295e-09,-3.16182e-09,1.91774e-09,-1.16317e-09,7.05496e-10,-4.27905e-10,2.59537e-10,-1.57416e-10,9.54761e-11,-5.79065e-11,3.51178e-11,-2.12929e-11,1.2903e-11,-7.80666e-12,4.70307e-12,-2.80031e-12,1.61391e-12,-8.4641e-13,3.24514e-13
0,0,0,0,0,0,0,0,0,0,0,0,0,0,0,0,0,0,0,0,0,0,0,0,0,0,0,0,0,0,0,0,0,0,0,0,0,0,0,0,0,0,0,0,0,0.469331,-0.450331,0.315891,-0.201636,0.12458,-0.0760744,0.0462561,-0.0280813,0.0170379,-0.0103353,0.00626896,-0.00380238,0.00230627,-0.00139883,0.000848433,-0.000514601,0.000312121,-0.000189311,0.000114823,-6.96437e-05,4.2241e-05,-2.56205e-05,1.55396e-05,-9.42524e-06,5.7167e-06,-3.46735e-06,2.10306e-06,-1.27557e-06,7.73671e-07,-4.69255e-07,2.84618e-07,-1.72629e-07,1.04705e-07,-6.35068e-08,3.85188e-08,-2.33628e-08,1.41703e-08,-8.59471e-09,5.21295e-09,-3.16182e-09,1.91774e-09,-1.16317e-09,7.05496e-10,-4.27904e-10,2.59535e-10,-1.57413e-10,9.54717e-11,-5.78994e-11,3.5106e-11,-2.12734e-11,1.2871e-11,-7.75406e-12,4.61693e-12,-2.66089e-12,1.39549e-12,-5.35033e-13
0,0,0,0,0,0,0,0,0,0,0,0,0,0,0,0,0,0,0,0,0,0,0,0,0,0,0,0,0,0,0,0,0,0,0,0,0,0,0,0,0,0,0,0,0,0,0.469331,-0.450331,0.315891,-0.201636,0.12458,-0.0760744,0.0462561,-0.0280813,0.0170379,-0.0103353,0.00626896,-0.00380238,0.00230627,-0.00139883,0.000848433,-0.000514601,0.000312121,-0.000189311,0.000114823,-6.96437e-05,4.2241e-05,-2.56205e-05,1.55396e-05,-9.42524e-06,5.7167e-06,-3.46735e-06,2.10306e-06,-1.27557e-06,7.73671e-07,-4.69255e-07,2.84618e-07,-1.72629e-07,1.04705e-07,-6.35068e-08,3.85188e-08,-2.33628e-08,1.41703e-08,-8.59471e-09,5.21295e-09,-3.16182e-09,1.91774e-09,-1.16317e-09,7.05494e-10,-4.27901e-10,2.59531e-10,-1.57406e-10,9.546e-11,-5.788e-11,3.5074e-11,-2.12207e-11,1.27843e-11,-7.61204e-12,4.38707e-12,-2.30078e-12,8.8212e-13
0,0,0,0,0,0,0,0,0,0,0,0,0,0,0,0,0,0,0,0,0,0,0,0,0,0,0,0,0,0,0,0,0,0,0,0,0,0,0,0,0,0,0,0,0,0,0,0.469331,-0.450331,0.315891,-0.201636,0.12458,-0.0760744,0.0462561,-0.0280813,0.0170379,-0.0103353,0.00626896,-0.00380238,0.00230627,-0.00139883,0.000848433,-0.000514601,0.000312121,-0.000189311,0.000114823,-6.96437e-05,4.2241e-05,-2.56205e-05,1.55396e-05,-9.42524e-06,5.7167e-06,-3.46735e-06,2.10306e-06,-1.27557e-06,7.73671e-07,-4.69255e-07,2.84618e-07,-1.72629e-07,1.04705e-07,-6.35068e-08,3.85188e-08,-2.33628e-08,1.41703e-08,-8.59471e-09,5.21295e-09,-3.16182e-09,1.91774e-09,-1.16316e-09,7.0549e-10,-4.27894e-10,2.59519e-10,-1.57387e-10,9.54279e-11,-5.78272e-11,3.4987e-11,-2.10777e-11,1.25501e-11,-7.23306e-12,3.79335e-12,-1.45437e-12
0,0,0,0,0,0,0,0,0,0,0,0,0,0,0,0,0,0,0,0,0,0,0,0,0,0,0,0,0,0,0,0,0,0,0,0,0,0,0,0,0,0,0,0,0,0,0,0,0.469331,-0.450331,0.315891,-0.201636,0.12458,-0.0760744,0.0462561,-0.0280813,0.0170379,-0.0103353,0.00626896,-0.00380238,0.00230627,-0.00139883,0.000848433,-0.000514601,0.000312121,-0.000189311,0.000114823,-6.96437e-05,4.2241e-05,-2.56205e-05,1.55396e-05,-9.42524e-06,5.7167e-06,-3.46735e-06,2.10306e-06,-1.27557e-06,7.73671e-07,-4.69255e-07,2.84618e-07,-1.72629e-07,1.04705e-07,-6.35068e-08,3.85188e-08,-2.33628e-08,1.41703e-08,-8.59471e-09,5.21295e-09,-3.16181e-09,1.91773e-09,-1.16316e-09,7.05478e-10,-4.27875e-10,2.59487e-10,-1.57334e-10,9.53409e-11,-5.76839e-11,3.47513e-11,-2.06917e-11,1.19253e-11,-6.25417e-12,2.39785e-12
0,0,0,0,0,0,0,0,0,0,0,0,0,0,0,0,0,0,0,0,0,0,0,0,0,0,0,0,0,0,0,0,0,0,0,0,0,0,0,0,0,0,0,0,0,0,0,0,0,0.469331,-0.450331,0.315891,-0.201636,0.12458,-0.0760744,0.0462561,-0.0280813,0.0170379,-0.0103353,0.00626896,-0.00380238,0.00230627,-0.00139883,0.000848433,-0.000514601,0.000312121,-0.000189311,0.000114823,-6.96437e-05,4.2241e-05,-2.56205e-05,1.55396e-05,-9.42524e-06,5.7167e-06,-3.46735e-06,2.10306e-06,-1.27557e-06,7.73671e-07,-4.69255e-07,2.84618e-07,-1.72629e-07,1.04705e-07,-6.35068e-08,3.85188e-08,-2.33628e-08,1.41703e-08,-8.59471e-09,5.21295e-09,-3.16181e-09,1.91772e-09,-1.16314e-09,7.05446e-10,-4.27822e-10,2.594e-10,-1.57191e-10,9.51046e-11,-5.72952e-11,3.41148e-11,-1.96615e-11,1.03114e-11,-3.95339e-12
0,0,0,0,0,0,0,0,0,0,0,0,0,0,0,0,0,0,0,0,0,0,0,0,0,0,0,0,0,0,0,0,0,0,0,0,0,0,0,0,0,0,0,0,0,0,0,0,0,0,0.469331,-0.450331,0.315891,-0.201636,0.12458,-0.0760744,0.0462561,-0.0280813,0.0170379,-0.0103353,0.00626896,-0.00380238,0.00230627,-0.00139883,0.000848433,-0.000514601,0.000312121,-0.000189311,0.000114823,-6.96437e-05,4.2241e-05,-2.56205e-05,1.55396e-05,-9.42524e-06,5.7167e-06,-3.46735e-06,2.10306e-06,-1.27557e-06,7.73671e-07,-4.69255e-07,2.84618e-07,-1.72629e-07,1.04705e-07,-6.35068e-08,3.85188e-08,-2.33628e-08,1.41703e-08,-8.5947e-09,5.21294e-09,-3.16179e-09,1.91769e-09,-1.16308e-09,7.05359e-10,-4.27678e-10,2.59163e-10,-1.56801e-10,9.44638e-11,-5.62458e-11,3.24163e-11,-1.70006e-11,6.51804e-12
0,0,0,0,0,0,0,0,0,0,0,0,0,0,0,0,0,0,0,0,0,0,0,0,0,0,0,0,0,0,0,0,0,0,0,0,0,0,0,0,0,0,0,0,0,0,0,0,0,0,0,0.469331,-0.450331,0.315891,-0.201636,0.12458,-0.0760744,0.0462561,-0.0280813,0.0170379,-0.0103353,0.00626896,-0.00380238,0.00230627,-0.00139883,0.000848433,-0.000514601,0.000312121,-0.000189311,0.000114823,-6.96437e-05,4.2241e-05,-2.56205e-05,1.55396e-05,-9.42524e-06,5.7167e-06,-3.46735e-06,2.10306e-06,-1.27557e-06,7.73671e-07,-4.69255e-07,2.84618e-07,-1.72629e-07,1.04705e-07,-6.35068e-08,3.85188e-08,-2.33628e-08,1.41703e-08,-8.59468e-09,5.2129e-09,-3.16173e-09,1.9176e-09,-1.16294e-09,7.05122e-10,-4.27288e-10,2.58521e-10,-1.55744e-10,9.27336e-11,-5.34455e-11,2.80292e-11,-1.07464e-11
0,0,0,0,0,0,0,0,0,0,0,0,0,0,0,0,0,0,0,0,0,0,0,0,0,0,0,0,0,0,0,0,0,0,0,0,0,0,0,0,0,0,0,0,0,0,0,0,0,0,0,0,0.469331,-0.450331,0.315891,-0.201636,0.12458,-0.0760744,0.0462561,-0.0280813,0.0170379,-0.0103353,0.00626896,-0.00380238,0.00230627,-0.00139883,0.000848433,-0.000514601,0.000312121,-0.000189311,0.000114823,-6.96437e-05,4.2241e-05,-2.56205e-05,1.55396e-05,-9.42524e-06,5.7167e-06,-3.46735e-06,2.10306e-06,-1.27557e-06,7.73671e-07,-4.69255e-07,2.84618e-07,-1.72629e-07,1.04705e-07,-6.35068e-08,3.85188e-08,-2.33628e-08,1.41702e-08,-8.59463e-09,5.21282e-09,-3.16159e-09,1.91736e-09,-1.16255e-09,7.04479e-10,-4.26229e-10,2.56779e-10,-1.52892e-10,8.81167e-11,-4.62124e-11,1.77179e-11
0,0,0,0,0,0,0,0,0,0,0,0,0,0,0,0,0,0,0,0,0,0,0,0,0,0,0,0,0,0,0,0,0,0,0,0,0,0,0,0,0,0,0,0,0,0,0,0,0,0,0,0,0,0.469331,-0.450331,0.315891,-0.201636,0.12458,-0.0760744,0.0462561,-0.0280813,0.0170379,-0.0103353,0.00626896,-0.00380238,0.00230627,-0.00139883,0.000848433,-0.000514601,0.000312121,-0.000189311,0.000114823,-6.96437e-05,4.2241e-05,-2.56205e-05,1.55396e-05,-9.42524e-06,5.7167e-06,-3.46735e-06,2.10306e-06,-1.27557e-06,7.73671e-07,-4.69255e-07,2.84618e-07,-1.72629e-07,1.04705e-07,-6.35068e-08,3.85188e-08,-2.33628e-08,1.41701e-08,-8.59448e-09,5.21258e-09,-3.1612e-09,1.91672e-09,-1.16149e-09,7.02733e-10,-4.23357e-10,2.52076e-10,-1.4528e-10,7.61914e-11,-2.92118e-11
0,0,0,0,0,0,0,0,0,0,0,0,0,0,0,0,0,0,0,0,0,0,0,0,0,0,0,0,0,0,0,0,0,0,0,0,0,0,0,0,0,0,0,0,0,0,0,0,0,0,0,0,0,0,0.469331,-0.450331,0.315891,-0.201636,0.12458,-0.0760744,0.0462561,-0.0280813,0.0170379,-0.0103353,0.00626896,-0.00380238,0.00230627,-0.00139883,0.000848433,-0.000514601,0.000312121,-0.000189311,0.000114823,-6.96437e-05,4.2241e-05,-2.56205e-05,1.55396e-05,-9.42524e-06,5.7167e-06,-3.46735e-06,2.10306e-06,-1.27557e-06,7.73671e-07,-4.69255e-07,2.84618e-07,-1.72629e-07,1.04705e-07,-6.35067e-08,3.85187e-08,-2.33626e-08,1.41699e-08,-8.59409e-09,5.21194e-09,-3.16014e-09,1.91497e-09,-1.15861e-09,6.97998e-10,-4.15603e-10,2.39526e-10,-1.25618e-10,4.81621e-11
0,0,0,0,0,0,0,0,0,0,0,0,0,0,0,0,0,0,0,0,0,0,0,0,0,0,0,0,0,0,0,0,0,0,0,0,0,0,0,0,0,0,0,0,0,0,0,0,0,0,0,0,0,0,0,0.469331,-0.450331,0.315891,-0.201636,0.12458,-0.0760744,0.0462561,-0.0280813,0.0170379,-0.0103353,0.00626896,-0.00380238,0.00230627,-0.00139883,0.000848433,-0.000514601,0.000312121,-0.000189311,0.000114823,-6.96437e-05,4.2241e-05,-2.56205e-05,1.55396e-05,-9.42524e-06,5.7167e-06,-3.46735e-06,2.10306e-06,-1.27557e-06,7.73671e-07,-4.69255e-07,2.84618e-07,-1.72629e-07,1.04705e-07,-6.35066e-08,3.85184e-08,-2.33622e-08,1.41693e-08,-8.59303e-09,5.21019e-09,-3.15726e-09,1.91023e-09,-1.1508e-09,6.85214e-10,-3.94912e-10,2.0711e-10,-7.94059e-11
0,0,0,0,0,0,0,0,0,0,0,0,0,0,0,0,0,0,0,0,0,0,0,0,0,0,0,0,0,0,0,0,0,0,0,0,0,0,0,0,0,0,0,0,0,0,0,0,0,0,0,0,0,0,0,0,0.469331,-0.450331,0.315891,-0.201636,0.12458,-0.0760744,0.0462561,-0.0280813,0.0170379,-0.0103353,0.00626896,-0.00380238,0.00230627,-0.00139883,0.000848433,-0.000514601,0.000312121,-0.000189311,0.000114823,-6.96437e-05,4.2241e-05,-2.56205e-05,1.55396e-05,-9.42524e-06,5.7167e-06,-3.46735e-06,2.10306e-06,-1.27557e-06,7.73671e-07,-4.69255e-07,2.84618e-07,-1.72629e-07,1.04705e-07,-6.35062e-08,3.85178e-08,-2.33612e-08,1.41675e-08,-8.59015e-09,5.20544e-09,-3.14943e-09,1.89736e-09,-1.12973e-09,6.51099e-10,-3.41466e-10,1.30918e-10
0,0,0,0,0,0,0,0,0,0,0,0,0,0,0,0,0,0,0,0,0,0,0,0,0,0,0,0,0,0,0,0,0,0,0,0,0,0,0,0,0,0,0,0,0,0,0,0,0,0,0,0,0,0,0,0,0,0.469331,-0.450331,0.315891,-0.201636,0.12458,-0.0760744,0.0462561,-0.0280813,0.0170379,-0.0103353,0.00626896,-0.00380238,0.00230627,-0.00139883,0.000848433,-0.000514601,0.000312121,-0.000189311,0.000114823,-6.96437e-05,4.2241e-05,-2.56205e-05,1.55396e-05,-9.42524e-06,5.7167e-06,-3.46735e-06,2.10306e-06,-1.27557e-06,7.73671e-07,-4.69255e-07,2.84617e-07,-1.72629e-07,1.04704e-07,-6.35051e-08,3.8516e-08,-2.33583e-08,1.41628e-08,-8.58232e-09,5.19253e-09,-3.12821e-09,1.8626e-09,-1.07348e-09,5.62982e-10,-2.15848e-10
0,0,0,0,0,0,0,0,0,0,0,0,0,0,0,0,0,0,0,0,0,0,0,0,0,0,0,0,0,0,0,0,0,0,0,0,0,0,0,0,0,0,0,0,0,0,0,0,0,0,0,0,0,0,0,0,0,0,0.469331,-0.450331,0.315891,-0.201636,0.12458,-0.0760744,0.0462561,-0.0280813,0.0170379,-0.0103353,0.00626896,-0.00380238,0.00230627,-0.00139883,0.000848433,-0.000514601,0.000312121,-0.000189311,0.000114823,-6.96437e-05,4.2241e-05,-2.56205e-05,1.55396e-05,-9.42524e-06,5.7167e-06,-3.46735e-06,2.10306e-06,-1.27557e-06,7.73671e-07,-4.69255e-07,2.84617e-07,-1.72628e-07,1.04702e-07,-6.35022e-08,3.85113e-08,-2.33504e-08,1.41498e-08,-8.56104e-09,5.15755e-09,-3.07092e-09,1.76987e-09,-9.28201e-10,3.55873e-10
0,0,0,0,0,0,0,0,0,0,0,0,0,0,0,0,0,0,0,0,0,0,0,0,0,0,0,0,0,0,0,0,0,0,0,0,0,0,0,0,0,0,0,0,0,0,0,0,0,0,0,0,0,0,0,0,0,0,0,0.469331,-0.450331,0.315891,-0.201636,0.12458,-0.0760744,0.0462561,-0.0280813,0.0170379,-0.0103353,0.00626896,-0.00380238,0.00230627,-0.00139883,0.000848433,-0.000514601,0.000312121,-0.000189311,0.000114823,-6.96437e-05,4.2241e-05,-2.56205e-05,1.55396e-05,-9.42524e-06,5.7167e-06,-3.46735e-06,2.10306e-06,-1.27557e-06,7.7367e-07,-4.69254e-07,2.84615e-07,-1.72625e-07,1.04697e-07,-6.34944e-08,3.84984e-08,-2.33292e-08,1.41148e-08,-8.50336e-09,5.06308e-09,-2.91802e-09,1.53034e-09,-5.86735e-10
0,0,0,0,0,0,0,0,0,0,0,0,0,0,0,0,0,0,0,0,0,0,0,0,0,0,0,0,0,0,0,0,0,0,0,0,0,0,0,0,0,0,0,0,0,0,0,0,0,0,0,0,0,0,0,0,0,0,0,0,0.469331,-0.450331,0.315891,-0.201636,0.12458,-0.0760744,0.0462561,-0.0280813,0.0170379,-0.0103353,0.00626896,-0.00380238,0.00230627,-0.00139883,0.000848433,-0.000514601,0.000312121,-0.000189311,0.000114823,-6.96437e-05,4.2241e-05,-2.56205e-05,1.55396e-05,-9.42524e-06,5.7167e-06,-3.46735e-06,2.10306e-06,-1.27557e-06,7.73668e-07,-4.69251e-07,2.8461e-07,-1.72617e-07,1.04685e-07,-6.34731e-08,3.84633e-08,-2.32713e-08,1.40197e-08,-8.34761e-09,4.81101e-09,-2.52311e-09,9.67362e-10
0,0,0,0,0,0,0,0,0,0,0,0,0,0,0,0,0,0,0,0,0,0,0,0,0,0,0,0,0,0,0,0,0,0,0,0,0,0,0,0,0,0,0,0,0,0,0,0,0,0,0,0,0,0,0,0,0,0,0,0,0,0.469331,-0.450331,0.315891,-0.201636,0.12458,-0.0760744,0.0462561,-0.0280813,0.0170379,-0.0103353,0.00626896,-0.00380238,0.00230627,-0.00139883,0.000848433,-0.000514601,0.000312121,-0.000189311,0.000114823,-6.96437e-05,4.2241e-05,-2.56205e-05,1.55396e-05,-9.42524e-06,5.7167e-06,-3.46735e-06,2.10305e-06,-1.27556e-06,7.73664e-07,-4.69243e-07,2.84597e-07,-1.72596e-07,1.04649e-07,-6.34152e-08,3.83679e-08,-2.31145e-08,1.37629e-08,-7.93201e-09,4.15991e-09,-1.59491e-09
0,0,0,0,0,0,0,0,0,0,0,0,0,0,0,0,0,0,0,0,0,0,0,0,0,0,0,0,0,0,0,0,0,0,0,0,0,0,0,0,0,0,0,0,0,0,0,0,0,0,0,0,0,0,0,0,0,0,0,0,0,0,0.469331,-0.450331,0.315891,-0.201636,0.12458,-0.0760744,0.0462561,-0.0280813,0.0170379,-0.0103353,0.00626896,-0.00380238,0.00230627,-0.00139883,0.000848433,-0.000514601,0.000312121,-0.000189311,0.000114823,-6.96437e-05,4.2241e-05,-2.56205e-05,1.55396e-05,-9.42524e-06,5.7167e-06,-3.46735e-06,2.10305e-06,-1.27556e-06,7.73651e-07,-4.69222e-07,2.84562e-07,-1.72538e-07,1.04554e-07,-6.3258e-08,3.81094e-08,-2.26912e-08,1.30777e-08,-6.85853e-09,2.62956e-09
0,0,0,0,0,0,0,0,0,0,0,0,0,0,0,0,0,0,0,0,0,0,0,0,0,0,0,0,0,0,0,0,0,0,0,0,0,0,0,0,0,0,0,0,0,0,0,0,0,0,0,0,0,0,0,0,0,0,0,0,0,0,0,0.469331,-0.450331,0.315891,-0.201636,0.12458,-0.0760744,0.0462561,-0.0280813,0.0170379,-0.0103353,0.00626896,-0.00380238,0.00230627,-0.00139883,0.000848433,-0.000514601,0.000312121,-0.000189311,0.000114823,-6.96437e-05,4.2241e-05,-2.56205e-05,1.55396e-05,-9.42524e-06,5.71669e-06,-3.46734e-06,2.10304e-06,-1.27553e-06,7.73616e-07,-4.69164e-07,2.84467e-07,-1.7238e-07,1.04295e-07,-6.28318e-08,3.74114e-08,-2.15614e-08,1.13078e-08,-4.33542e-09
0,0,0,0,0,0,0,0,0,0,0,0,0,0,0,0,0,0,0,0,0,0,0,0,0,0,0,0,0,0,0,0,0,0,0,0,0,0,0,0,0,0,0,0,0,0,0,0,0,0,0,0,0,0,0,0,0,0,0,0,0,0,0,0,0.469331,-0.450331,0.315891,-0.201636,0.12458,-0.0760744,0.0462561,-0.0280813,0.0170379,-0.0103353,0.00626896,-0.00380238,0.00230627,-0.00139883,0.000848433,-0.000514601,0.000312121,-0.000189311,0.000114823,-6.96437e-05,4.2241e-05,-2.56205e-05,1.55396e-05,-9.42523e-06,5.71668e-06,-3.46732e-06,2.103e-06,-1.27548e-06,7.7352e-07,-4.69006e-07,2.84207e-07,-1.71953e-07,1.03592e-07,-6.1681e-08,3.55488e-08,-1.86434e-08,7.1479e-09
0,0,0,0,0,0,0,0,0,0,0,0,0,0,0,0,0,0,0,0,0,0,0,0,0,0,0,0,0,0,0,0,0,0,0,0,0,0,0,0,0,0,0,0,0,0,0,0,0,0,0,0,0,0,0,0,0,0,0,0,0,0,0,0,0,0.469331,-0.450331,0.315891,-0.201636,0.12458,-0.0760744,0.0462561,-0.0280813,0.0170379,-0.0103353,0.00626896,-0.00380238,0.00230627,-0.00139883,0.000848433,-0.000514601,0.000312121,-0.000189311,0.000114823,-6.96436e-05,4.2241e-05,-2.56205e-05,1.55396e-05,-9.42521e-06,5.71664e-06,-3.46726e-06,2.10291e-06,-1.27532e-06,7.73261e-07,-4.68579e-07,2.83503e-07,-1.70795e-07,1.01695e-07,-5.86101e-08,3.07378e-08,-1.17849e-08
0,0,0,0,0,0,0,0,0,0,0,0,0,0,0,0,0,0,0,0,0,0,0,0,0,0,0,0,0,0,0,0,0,0,0,0,0,0,0,0,0,0,0,0,0,0,0,0,0,0,0,0,0,0,0,0,0,0,0,0,0,0,0,0,0,0,0.469331,-0.450331,0.315891,-0.201636,0.12458,-0.0760744,0.0462561,-0.0280813,0.0170379,-0.0103353,0.00626896,-0.00380238,0.00230627,-0.00139883,0.000848433,-0.000514601,0.000312121,-0.000189311,0.000114823,-6.96436e-05,4.2241e-05,-2.56204e-05,1.55395e-05,-9.42515e-06,5.71655e-06,-3.4671e-06,2.10265e-06,-1.27489e-06,7.72555e-07,-4.67417e-07,2.81593e-07,-1.67666e-07,9.66317e-08,-5.06781e-08,1.943e-08
0,0,0,0,0,0,0,0,0,0,0,0,0,0,0,0,0,0,0,0,0,0,0,0,0,0,0,0,0,0,0,0,0,0,0,0,0,0,0,0,0,0,0,0,0,0,0,0,0,0,0,0,0,0,0,0,0,0,0,0,0,0,0,0,0,0,0,0.469331,-0.450331,0.315891,-0.201636,0.12458,-0.0760744,0.0462561,-0.0280813,0.0170379,-0.0103353,0.00626896,-0.00380238,0.00230627,-0.00139883,0.000848433,-0.000514601,0.000312121,-0.000189311,0.000114823,-6.96436e-05,4.2241e-05,-2.56204e-05,1.55394e-05,-9.42499e-06,5.71629e-06,-3.46668e-06,2.10194e-06,-1.27373e-06,7.7064e-07,-4.64268e-07,2.76435e-07,-1.59319e-07,8.3554e-08,-3.20346e-08
0,0,0,0,0,0,0,0,0,0,0,0,0,0,0,0,0,0,0,0,0,0,0,0,0,0,0,0,0,0,0,0,0,0,0,0,0,0,0,0,0,0,0,0,0,0,0,0,0,0,0,0,0,0,0,0,0,0,0,0,0,0,0,0,0,0,0,0,0.469331,-0.450331,0.315891,-0.201636,0.12458,-0.0760744,0.0462561,-0.0280813,0.0170379,-0.0103353,0.00626896,-0.00380238,0.00230627,-0.00139883,0.000848433,-0.000514601,0.000312121,-0.000189311,0.000114823,-6.96436e-05,4.22409e-05,-2.56202e-05,1.55392e-05,-9.42457e-06,5.71558e-06,-3.46551e-06,2.10002e-06,-1.27057e-06,7.65448e-07,-4.55764e-07,2.62672e-07,-1.37757e-07,5.28162e-08
0,0,0,0,0,0,0,0,0,0,0,0,0,0,0,0,0,0,0,0,0,0,0,0,0,0,0,0,0,0,0,0,0,0,0,0,0,0,0,0,0,0,0,0,0,0,0,0,0,0,0,0,0,0,0,0,0,0,0,0,0,0,0,0,0,0,0,0,0,0.469331,-0.450331,0.315891,-0.201636,0.12458,-0.0760744,0.0462561,-0.0280813,0.0170379,-0.0103353,0.00626896,-0.00380238,0.00230627,-0.00139883,0.000848433,-0.000514601,0.000312121,-0.000189311,0.000114823,-6.96434e-05,4.22406e-05,-2.56198e-05,1.55385e-05,-9.4234e-06,5.71367e-06,-3.46235e-06,2.09482e-06,-1.26201e-06,7.51428e-07,-4.33073e-07,2.27123e-07,-8.70792e-08
0,0,0,0,0,0,0,0,0,0,0,0,0,0,0,0,0,0,0,0,0,0,0,0,0,0,0,0,0,0,0,0,0,0,0,0,0,0,0,0,0,0,0,0,0,0,0,0,0,0,0,0,0,0,0,0,0,0,0,0,0,0,0,0,0,0,0,0,0,0,0.469331,-0.450331,0.315891,-0.201636,0.12458,-0.0760744,0.0462561,-0.0280813,0.0170379,-0.0103353,0.00626896,-0.00380238,0.00230627,-0.00139883,0.000848433,-0.000514601,0.000312121,-0.000189311,0.000114823,-6.9643e-05,4.22399e-05,-2.56186e-05,1.55366e-05,-9.42024e-06,5.70846e-06,-3.45377e-06,2.0807e-06,-1.2389e-06,7.14017e-07,-3.74463e-07,1.43569e-07
0,0,0,0,0,0,0,0,0,0,0,0,0,0,0,0,0,0,0,0,0,0,0,0,0,0,0,0,0,0,0,0,0,0,0,0,0,0,0,0,0,0,0,0,0,0,0,0,0,0,0,0,0,0,0,0,0,0,0,0,0,0,0,0,0,0,0,0,0,0,0,0.469331,-0.450331,0.315891,-0.201636,0.12458,-0.0760744,0.0462561,-0.0280813,0.0170379,-0.0103353,0.00626896,-0.00380238,0.00230627,-0.00139883,0.000848433,-0.000514601,0.000312121,-0.00018931,0.000114822,-6.96418e-05,4.2238e-05,-2.56155e-05,1.55314e-05,-9.41165e-06,5.69431e-06,-3.4305e-06,2.04259e-06,-1.17721e-06,6.17385e-07,-2.36706e-07
0,0,0,0,0,0,0,0,0,0,0,0,0,0,0,0,0,0,0,0,0,0,0,0,0,0,0,0,0,0,0,0,0,0,0,0,0,0,0,0,0,0,0,0,0,0,0,0,0,0,0,0,0,0,0,0,0,0,0,0,0,0,0,0,0,0,0,0,0,0,0,0,0.469331,-0.450331,0.315891,-0.201636,0.12458,-0.0760744,0.0462561,-0.0280813,0.0170379,-0.0103353,0.00626896,-0.00380238,0.00230627,-0.00139883,0.000848433,-0.0005146,0.00031212,-0.000189309,0.00011482,-6.96387e-05,4.22328e-05,-2.56069e-05,1.55172e-05,-9.38832e-06,5.65594e-06,-3.36767e-06,1.9409e-06,-1.0179e-06,3.90262e-07
0,0,0,0,0,0,0,0,0,0,0,0,0,0,0,0,0,0,0,0,0,0,0,0,0,0,0,0,0,0,0,0,0,0,0,0,0,0,0,0,0,0,0,0,0,0,0,0,0,0,0,0,0,0,0,0,0,0,0,0,0,0,0,0,0,0,0,0,0,0,0,0,0,0.469331,-0.450331,0.315891,-0.201636,0.12458,-0.0760744,0.0462561,-0.0280813,0.0170379,-0.0103353,0.00626896,-0.00380238,0.00230627,-0.00139883,0.000848432,-0.000514599,0.000312118,-0.000189306,0.000114815,-6.96301e-05,4.22186e-05,-2.55835e-05,1.54787e-05,-9.32506e-06,5.55235e-06,-3.2e-06,1.67823e-06,-6.43433e-07
0,0,0,0,0,0,0,0,0,0,0,0,0,0,0,0,0,0,0,0,0,0,0,0,0,0,0,0,0,0,0,0,0,0,0,0,0,0,0,0,0,0,0,0,0,0,0,0,0,0,0,0,0,0,0,0,0,0,0,0,0,0,0,0,0,0,0,0,0,0,0,0,0,0,0.469331,-0.450331,0.315891,-0.201636,0.12458,-0.0760744,0.0462561,-0.0280813,0.0170379,-0.0103353,0.00626896,-0.00380238,0.00230627,-0.00139883,0.00084843,-0.000514596,0.000312113,-0.000189297,0.000114801,-6.96067e-05,4.21801e-05,-2.55201e-05,1.53744e-05,-9.15427e-06,5.27591e-06,-2.76693e-06,1.06084e-06
0,0,0,0,0,0,0,0,0,0,0,0,0,0,0,0,0,0,0,0,0,0,0,0,0,0,0,0,0,0,0,0,0,0,0,0,0,0,0,0,0,0,0,0,0,0,0,0,0,0,0,0,0,0,0,0,0,0,0,0,0,0,0,0,0,0,0,0,0,0,0,0,0,0,0,0.469331,-0.450331,0.315891,-0.201636,0.12458,-0.0760744,0.0462561,-0.0280813,0.0170379,-0.0103353,0.00626896,-0.00380238,0.00230627,-0.00139882,0.000848425,-0.000514587,0.000312099,-0.000189274,0.000114762,-6.95432e-05,4.20755e-05,-2.53482e-05,1.50928e-05,-8.69851e-06,4.56189e-06,-1.74903e-06
0,0,0,0,0,0,0,0,0,0,0,0,0,0,0,0,0,0,0,0,0,0,0,0,0,0,0,0,0,0,0,0,0,0,0,0,0,0,0,0,0,0,0,0,0,0,0,0,0,0,0,0,0,0,0,0,0,0,0,0,0,0,0,0,0,0,0,0,0,0,0,0,0,0,0,0,0.469331,-0.450331,0.315891,-0.201636,0.12458,-0.0760744,0.0462561,-0.0280813,0.0170379,-0.0103353,0.00626895,-0.00380237,0.00230626,-0.00139881,0.000848411,-0.000514564,0.00031206,-0.000189211,0.000114657,-6.93708e-05,4.1792e-05,-2.48839e-05,1.43414e-05,-7.52129e-06,2.88367e-06
0,0,0,0,0,0,0,0,0,0,0,0,0,0,0,0,0,0,0,0,0,0,0,0,0,0,0,0,0,0,0,0,0,0,0,0,0,0,0,0,0,0,0,0,0,0,0,0,0,0,0,0,0,0,0,0,0,0,0,0,0,0,0,0,0,0,0,0,0,0,0,0,0,0,0,0,0,0.469331,-0.450331,0.315891,-0.201636,0.12458,-0.0760744,0.0462561,-0.0280813,0.0170379,-0.0103353,0.00626895,-0.00380236,0.00230625,-0.00139879,0.000848372,-0.0005145,0.000311956,-0.000189038,0.000114373,-6.89034e-05,4.10266e-05,-2.3645e-05,1.24005e-05,-4.75436e-06
0,0,0,0,0,0,0,0,0,0,0,0,0,0,0,0,0,0,0,0,0,0,0,0,0,0,0,0,0,0,0,0,0,0,0,0,0,0,0,0,0,0,0,0,0,0,0,0,0,0,0,0,0,0,0,0,0,0,0,0,0,0,0,0,0,0,0,0,0,0,0,0,0,0,0,0,0,0,0.469331,-0.450331,0.315891,-0.201636,0.12458,-0.0760744,0.0462561,-0.0280813,0.0170379,-0.0103353,0.00626893,-0.00380234,0.00230621,-0.00139873,0.000848267,-0.000514328,0.000311671,-0.00018857,0.000113603,-6.76414e-05,3.8984e-05,-2.0445e-05,7.83862e-06
0,0,0,0,0,0,0,0,0,0,0,0,0,0,0,0,0,0,0,0,0,0,0,0,0,0,0,0,0,0,0,0,0,0,0,0,0,0,0,0,0,0,0,0,0,0,0,0,0,0,0,0,0,0,0,0,0,0,0,0,0,0,0,0,0,0,0,0,0,0,0,0,0,0,0,0,0,0,0,0.469331,-0.450331,0.315891,-0.201636,0.12458,-0.0760744,0.0462561,-0.0280813,0.0170379,-0.0103353,0.0062689,-0.00380228,0.00230611,-0.00139856,0.000847983,-0.000513859,0.000310899,-0.000187299,0.000111522,-6.42737e-05,3.37081e-05,-1.29237e-05
0,0,0,0,0,0,0,0,0,0,0,0,0,0,0,0,0,0,0,0,0,0,0,0,0,0,0,0,0,0,0,0,0,0,0,0,0,0,0,0,0,0,0,0,0,0,0,0,0,0,0,0,0,0,0,0,0,0,0,0,0,0,0,0,0,0,0,0,0,0,0,0,0,0,0,0,0,0,0,0,0.469331,-0.450331,0.315891,-0.201636,0.12458,-0.0760744,0.0462561,-0.0280813,0.0170379,-0.0103352,0.00626879,-0.0038021,0.00230582,-0.00139809,0.00084721,-0.000512585,0.000308804,-0.000183868,0.000105969,-5.55752e-05,2.13076e-05
0,0,0,0,0,0,0,0,0,0,0,0,0,0,0,0,0,0,0,0,0,0,0,0,0,0,0,0,0,0,0,0,0,0,0,0,0,0,0,0,0,0,0,0,0,0,0,0,0,0,0,0,0,0,0,0,0,0,0,0,0,0,0,0,0,0,0,0,0,0,0,0,0,0,0,0,0,0,0,0,0,0.469331,-0.450331,0.315891,-0.201636,0.12458,-0.0760743,0.046256,-0.0280812,0.0170377,-0.010335,0.00626851,-0.00380164,0.00230505,-0.00139681,0.000845109,-0.000509131,0.000303148,-0.000174714,9.16281e-05,-3.51303e-05
0,0,0,0,0,0,0,0,0,0,0,0,0,0,0,0,0,0,0,0,0,0,0,0,0,0,0,0,0,0,0,0,0,0,0,0,0,0,0,0,0,0,0,0,0,0,0,0,0,0,0,0,0,0,0,0,0,0,0,0,0,0,0,0,0,0,0,0,0,0,0,0,0,0,0,0,0,0,0,0,0,0,0.469331,-0.450331,0.315891,-0.201636,0.12458,-0.0760743,0.0462559,-0.0280811,0.0170375,-0.0103345,0.00626773,-0.00380036,0.00230295,-0.00139335,0.000839415,-0.000499806,0.000288055,-0.000151069,5.792e-05
0,0,0,0,0,0,0,0,0,0,0,0,0,0,0,0,0,0,0,0,0,0,0,0,0,0,0,0,0,0,0,0,0,0,0,0,0,0,0,0,0,0,0,0,0,0,0,0,0,0,0,0,0,0,0,0,0,0,0,0,0,0,0,0,0,0,0,0,0,0,0,0,0,0,0,0,0,0,0,0,0,0,0,0.469331,-0.450331,0.315891,-0.201636,0.12458,-0.0760741,0.0462556,-0.0280806,0.0170367,-0.0103333,0.00626563,-0.00379689,0.00229724,-0.00138396,0.000824041,-0.000474922,0.000249071,-9.54939e-05
0,0,0,0,0,0,0,0,0,0,0,0,0,0,0,0,0,0,0,0,0,0,0,0,0,0,0,0,0,0,0,0,0,0,0,0,0,0,0,0,0,0,0,0,0,0,0,0,0,0,0,0,0,0,0,0,0,0,0,0,0,0,0,0,0,0,0,0,0,0,0,0,0,0,0,0,0,0,0,0,0,0,0,0,0.469331,-0.450331,0.31589,-0.201636,0.12458,-0.0760736,0.0462549,-0.0280793,0.0170346,-0.0103298,0.00625992,-0.00378748,0.00228176,-0.00135861,0.000783014,-0.000410649,0.000157443
0,0,0,0,0,0,0,0,0,0,0,0,0,0,0,0,0,0,0,0,0,0,0,0,0,0,0,0,0,0,0,0,0,0,0,0,0,0,0,0,0,0,0,0,0,0,0,0,0,0,0,0,0,0,0,0,0,0,0,0,0,0,0,0,0,0,0,0,0,0,0,0,0,0,0,0,0,0,0,0,0,0,0,0,0,0.469331,-0.450331,0.31589,-0.201636,0.124579,-0.0760724,0.0462528,-0.0280759,0.0170289,-0.0103204,0.0062444,-0.00376196,0.00223997,-0.00129097,0.000677045,-0.000259579
0,0,0,0,0,0,0,0,0,0,0,0,0,0,0,0,0,0,0,0,0,0,0,0,0,0,0,0,0,0,0,0,0,0,0,0,0,0,0,0,0,0,0,0,0,0,0,0,0,0,0,0,0,0,0,0,0,0,0,0,0,0,0,0,0,0,0,0,0,0,0,0,0,0,0,0,0,0,0,0,0,0,0,0,0,0,0.46933,-0.45033,0.31589,-0.201634,0.124577,-0.0760689,0.0462471,-0.0280665,0.0170133,-0.0102948,0.00620233,-0.00369306,0.00212845,-0.00111626,0.000427974
0,0,0,0,0,0,0,0,0,0,0,0,0,0,0,0,0,0,0,0,0,0,0,0,0,0,0,0,0,0,0,0,0,0,0,0,0,0,0,0,0,0,0,0,0,0,0,0,0,0,0,0,0,0,0,0,0,0,0,0,0,0,0,0,0,0,0,0,0,0,0,0,0,0,0,0,0,0,0,0,0,0,0,0,0,0,0,0.46933,-0.45033,0.315888,-0.201631,0.124571,-0.0760596,0.0462316,-0.0280409,0.0169712,-0.0102254,0.00608873,-0.0035092,0.00184039,-0.00070561
0,0,0,0,0,0,0,0,0,0,0,0,0,0,0,0,0,0,0,0,0,0,0,0,0,0,0,0,0,0,0,0,0,0,0,0,0,0,0,0,0,0,0,0,0,0,0,0,0,0,0,0,0,0,0,0,0,0,0,0,0,0,0,0,0,0,0,0,0,0,0,0,0,0,0,0,0,0,0,0,0,0,0,0,0,0,0,0,0.46933,-0.450327,0.315883,-0.201622,0.124556,-0.0760341,0.0461895,-0.0279714,0.0168569,-0.0100382,0.0057856,-0.00303428,0.00116335
0,0,0,0,0,0,0,0,0,0,0,0,0,0,0,0,0,0,0,0,0,0,0,0,0,0,0,0,0,0,0,0,0,0,0,0,0,0,0,0,0,0,0,0,0,0,0,0,0,0,0,0,0,0,0,0,0,0,0,0,0,0,0,0,0,0,0,0,0,0,0,0,0,0,0,0,0,0,0,0,0,0,0,0,0,0,0,0,0,0.469328,-0.450321,0.315869,-0.201598,0.124515,-0.075965,0.0460751,-0.027783,0.0165482,-0.00953843,0.00500262,-0.00191804
0,0,0,0,0,0,0,0,0,0,0,0,0,0,0,0,0,0,0,0,0,0,0,0,0,0,0,0,0,0,0,0,0,0,0,0,0,0,0,0,0,0,0,0,0,0,0,0,0,0,0,0,0,0,0,0,0,0,0,0,0,0,0,0,0,0,0,0,0,0,0,0,0,0,0,0,0,0,0,0,0,0,0,0,0,0,0,0,0,0,0.469324,-0.450304,0.315833,-0.201532,0.124402,-0.0757774,0.0457651,-0.0272744,0.0157244,-0.00824761,0.00316228
0,0,0,0,0,0,0,0,0,0,0,0,0,0,0,0,0,0,0,0,0,0,0,0,0,0,0,0,0,0,0,0,0,0,0,0,0,0,0,0,0,0,0,0,0,0,0,0,0,0,0,0,0,0,0,0,0,0,0,0,0,0,0,0,0,0,0,0,0,0,0,0,0,0,0,0,0,0,0,0,0,0,0,0,0,0,0,0,0,0,0,0.469314,-0.450259,0.315734,-0.201353,0.124097,-0.0752685,0.0449279,-0.0259171,0.0135966,-0.0052136
0,0,0,0,0,0,0,0,0,0,0,0,0,0,0,0,0,0,0,0,0,0,0,0,0,0,0,0,0,0,0,0,0,0,0,0,0,0,0,0,0,0,0,0,0,0,0,0,0,0,0,0,0,0,0,0,0,0,0,0,0,0,0,0,0,0,0,0,0,0,0,0,0,0,0,0,0,0,0,0,0,0,0,0,0,0,0,0,0,0,0,0,0.469285,-0.450136,0.315466,-0.200866,0.123268,-0.0738945,0.0426937,-0.0224109,0.00859525
0,0,0,0,0,0,0,0,0,0,0,0,0,0,0,0,0,0,0,0,0,0,0,0,0,0,0,0,0,0,0,0,0,0,0,0,0,0,0,0,0,0,0,0,0,0,0,0,0,0,0,0,0,0,0,0,0,0,0,0,0,0,0,0,0,0,0,0,0,0,0,0,0,0,0,0,0,0,0,0,0,0,0,0,0,0,0,0,0,0,0,0,0,0.469206,-0.449801,0.314737,-0.199546,0.121031,-0.0702273,0.0369219,-0.0141688
0,0,0,0,0,0,0,0,0,0,0,0,0,0,0,0,0,0,0,0,0,0,0,0,0,0,0,0,0,0,0,0,0,0,0,0,0,0,0,0,0,0,0,0,0,0,0,0,0,0,0,0,0,0,0,0,0,0,0,0,0,0,0,0,0,0,0,0,0,0,0,0,0,0,0,0,0,0,0,0,0,0,0,0,0,0,0,0,0,0,0,0,0,0,0.468992,-0.448891,0.312759,-0.195981,0.115057,-0.0607507,0.0233497
0,0,0,0,0,0,0,0,0,0,0,0,0,0,0,0,0,0,0,0,0,0,0,0,0,0,0,0,0,0,0,0,0,0,0,0,0,0,0,0,0,0,0,0,0,0,0,0,0,0,0,0,0,0,0,0,0,0,0,0,0,0,0,0,0,0,0,0,0,0,0,0,0,0,0,0,0,0,0,0,0,0,0,0,0,0,0,0,0,0,0,0,0,0,0,0.46841,-0.44642,0.307412,-0.186455,0.0996097,-0.0384495
0,0,0,0,0,0,0,0,0,0,0,0,0,0,0,0,0,0,0,0,0,0,0,0,0,0,0,0,0,0,0,0,0,0,0,0,0,0,0,0,0,0,0,0,0,0,0,0,0,0,0,0,0,0,0,0,0,0,0,0,0,0,0,0,0,0,0,0,0,0,0,0,0,0,0,0,0,0,0,0,0,0,0,0,0,0,0,0,0,0,0,0,0,0,0,0,0.46683,-0.439727,0.293096,-0.161767,0.0631785
0,0,0,0,0,0,0,0,0,0,0,0,0,0,0,0,0,0,0,0,0,0,0,0,0,0,0,0,0,0,0,0,0,0,0,0,0,0,0,0,0,0,0,0,0,0,0,0,0,0,0,0,0,0,0,0,0,0,0,0,0,0,0,0,0,0,0,0,0,0,0,0,0,0,0,0,0,0,0,0,0,0,0,0,0,0,0,0,0,0,0,0,0,0,0,0,0,0.462535,-0.421714,0.255783,-0.103205
0,0,0,0,0,0,0,0,0,0,0,0,0,0,0,0,0,0,0,0,0,0,0,0,0,0,0,0,0,0,0,0,0,0,0,0,0,0,0,0,0,0,0,0,0,0,0,0,0,0,0,0,0,0,0,0,0,0,0,0,0,0,0,0,0,0,0,0,0,0,0,0,0,0,0,0,0,0,0,0,0,0,0,0,0,0,0,0,0,0,0,0,0,0,0,0,0,0,0.450874,-0.374072,0.165867
0,0,0,0,0,0,0,0,0,0,0,0,0,0,0,0,0,0,0,0,0,0,0,0,0,0,0,0,0,0,0,0,0,0,0,0,0,0,0,0,0,0,0,0,0,0,0,0,0,0,0,0,0,0,0,0,0,0,0,0,0,0,0,0,0,0,0,0,0,0,0,0,0,0,0,0,0,0,0,0,0,0,0,0,0,0,0,0,0,0,0,0,0,0,0,0,0,0,0,0.419256,-0.254291
0,0,0,0,0,0,0,0,0,0,0,0,0,0,0,0,0,0,0,0,0,0,0,0,0,0,0,0,0,0,0,0,0,0,0,0,0,0,0,0,0,0,0,0,0,0,0,0,0,0,0,0,0,0,0,0,0,0,0,0,0,0,0,0,0,0,0,0,0,0,0,0,0,0,0,0,0,0,0,0,0,0,0,0,0,0,0,0,0,0,0,0,0,0,0,0,0,0,0,0,0.333333
